dataset_source,image_path,image_id,patient_id,study_id,fracture_label,anatomical_region,projection,annotation_reference,label_quality,split
graz_pediatric_wrist,D:\anvation\ml\data\bone fracture\images\0002_0354485735_01_WRI-R1_F012.png,0002_0354485735_01_WRI-R1_F012.png,graz_pt_2,graz_study_2_1,0,wrist,AP_PA,ao:23r-M/2.1,quarantined_ambiguous,quarantine
graz_pediatric_wrist,D:\anvation\ml\data\bone fracture\images\0002_0354485759_01_WRI-R2_F012.png,0002_0354485759_01_WRI-R2_F012.png,graz_pt_2,graz_study_2_1,0,wrist,LAT,ao:23r-M/2.1,quarantined_ambiguous,quarantine
graz_pediatric_wrist,D:\anvation\ml\data\bone fracture\images\0005_0073601946_01_WRI-R1_F014.png,0005_0073601946_01_WRI-R1_F014.png,graz_pt_5,graz_study_5_1,0,wrist,AP_PA,ao:23r-M/2.1,quarantined_ambiguous,quarantine
graz_pediatric_wrist,D:\anvation\ml\data\bone fracture\images\0005_0073601967_01_WRI-R2_F014.png,0005_0073601967_01_WRI-R2_F014.png,graz_pt_5,graz_study_5_1,1,wrist,LAT,ao:23r-M/2.1,quarantined_ambiguous,quarantine
graz_pediatric_wrist,D:\anvation\ml\data\bone fracture\images\0012_0542128196_01_WRI-L1_M013.png,0012_0542128196_01_WRI-L1_M013.png,graz_pt_12,graz_study_12_1,0,wrist,AP_PA,ao:23r-E/1,quarantined_ambiguous,quarantine
graz_pediatric_wrist,D:\anvation\ml\data\bone fracture\images\0012_0542128240_01_WRI-L2_M013.png,0012_0542128240_01_WRI-L2_M013.png,graz_pt_12,graz_study_12_1,1,wrist,LAT,ao:23r-E/1,quarantined_ambiguous,quarantine
graz_pediatric_wrist,D:\anvation\ml\data\bone fracture\images\0023_0657841969_01_WRI-L1_M012.png,0023_0657841969_01_WRI-L1_M012.png,graz_pt_23,graz_study_23_1,0,wrist,AP_PA,ao:unclassified,quarantined_ambiguous,quarantine
graz_pediatric_wrist,D:\anvation\ml\data\bone fracture\images\0023_0657842010_02_WRI-L2_M012.png,0023_0657842010_02_WRI-L2_M012.png,graz_pt_23,graz_study_23_2,0,wrist,LAT,ao:unclassified,quarantined_ambiguous,quarantine
graz_pediatric_wrist,D:\anvation\ml\data\bone fracture\images\0056_0417604029_02_WRI-R1_F012.png,0056_0417604029_02_WRI-R1_F012.png,graz_pt_56,graz_study_56_2,0,wrist,AP_PA,ao:unclassified,quarantined_ambiguous,quarantine
graz_pediatric_wrist,D:\anvation\ml\data\bone fracture\images\0056_0417604062_02_WRI-R2_F012.png,0056_0417604062_02_WRI-R2_F012.png,graz_pt_56,graz_study_56_2,0,wrist,LAT,ao:unclassified,quarantined_ambiguous,quarantine
graz_pediatric_wrist,D:\anvation\ml\data\bone fracture\images\0061_0644271611_01_WRI-L2_F010.png,0061_0644271611_01_WRI-L2_F010.png,graz_pt_61,graz_study_61_1,0,wrist,LAT,ao:unclassified,quarantined_ambiguous,quarantine
graz_pediatric_wrist,D:\anvation\ml\data\bone fracture\images\0082_0625809071_01_WRI-R1_M001.png,0082_0625809071_01_WRI-R1_M001.png,graz_pt_82,graz_study_82_1,0,wrist,AP_PA,ao:unclassified,quarantined_ambiguous,quarantine
graz_pediatric_wrist,D:\anvation\ml\data\bone fracture\images\0082_0625809140_01_WRI-R2_M001.png,0082_0625809140_01_WRI-R2_M001.png,graz_pt_82,graz_study_82_1,0,wrist,LAT,ao:unclassified,quarantined_ambiguous,quarantine
graz_pediatric_wrist,D:\anvation\ml\data\bone fracture\images\0233_0441465951_01_WRI-R1_M003.png,0233_0441465951_01_WRI-R1_M003.png,graz_pt_233,graz_study_233_1,0,wrist,AP_PA,ao:23r-M/2.1,quarantined_ambiguous,quarantine
graz_pediatric_wrist,D:\anvation\ml\data\bone fracture\images\0233_0441465988_01_WRI-R2_M003.png,0233_0441465988_01_WRI-R2_M003.png,graz_pt_233,graz_study_233_1,1,wrist,LAT,ao:23r-M/2.1,quarantined_ambiguous,quarantine
graz_pediatric_wrist,D:\anvation\ml\data\bone fracture\images\0257_0821248881_01_WRI-R1_F010.png,0257_0821248881_01_WRI-R1_F010.png,graz_pt_257,graz_study_257_1,0,wrist,AP_PA,ao:unclassified,quarantined_ambiguous,quarantine
graz_pediatric_wrist,D:\anvation\ml\data\bone fracture\images\0257_0821248914_01_WRI-R2_F010.png,0257_0821248914_01_WRI-R2_F010.png,graz_pt_257,graz_study_257_1,0,wrist,LAT,ao:unclassified,quarantined_ambiguous,quarantine
graz_pediatric_wrist,D:\anvation\ml\data\bone fracture\images\0307_1173656007_01_WRI-L1_M016.png,0307_1173656007_01_WRI-L1_M016.png,graz_pt_307,graz_study_307_1,0,wrist,AP_PA,ao:unclassified,quarantined_ambiguous,quarantine
graz_pediatric_wrist,D:\anvation\ml\data\bone fracture\images\0307_1173656059_01_WRI-L2_M016.png,0307_1173656059_01_WRI-L2_M016.png,graz_pt_307,graz_study_307_1,0,wrist,LAT,ao:unclassified,quarantined_ambiguous,quarantine
graz_pediatric_wrist,D:\anvation\ml\data\bone fracture\images\0308_1238203807_01_WRI-L1_F009.png,0308_1238203807_01_WRI-L1_F009.png,graz_pt_308,graz_study_308_1,0,wrist,AP_PA,ao:unclassified,quarantined_ambiguous,quarantine
graz_pediatric_wrist,D:\anvation\ml\data\bone fracture\images\0308_1238203851_01_WRI-R2_F009.png,0308_1238203851_01_WRI-R2_F009.png,graz_pt_308,graz_study_308_1,0,wrist,LAT,ao:unclassified,quarantined_ambiguous,quarantine
graz_pediatric_wrist,D:\anvation\ml\data\bone fracture\images\0328_1186672082_01_WRI-L1_M008.png,0328_1186672082_01_WRI-L1_M008.png,graz_pt_328,graz_study_328_1,0,wrist,AP_PA,ao:unclassified,quarantined_ambiguous,quarantine
graz_pediatric_wrist,D:\anvation\ml\data\bone fracture\images\0328_1186672111_01_WRI-L2_M008.png,0328_1186672111_01_WRI-L2_M008.png,graz_pt_328,graz_study_328_1,0,wrist,LAT,ao:unclassified,quarantined_ambiguous,quarantine
graz_pediatric_wrist,D:\anvation\ml\data\bone fracture\images\0331_0782138660_01_WRI-L1_M011.png,0331_0782138660_01_WRI-L1_M011.png,graz_pt_331,graz_study_331_1,0,wrist,AP_PA,ao:unclassified,quarantined_ambiguous,quarantine
graz_pediatric_wrist,D:\anvation\ml\data\bone fracture\images\0331_0782138701_01_WRI-L2_M011.png,0331_0782138701_01_WRI-L2_M011.png,graz_pt_331,graz_study_331_1,0,wrist,LAT,ao:unclassified,quarantined_ambiguous,quarantine
graz_pediatric_wrist,D:\anvation\ml\data\bone fracture\images\0351_0798024531_01_WRI-R1_M014.png,0351_0798024531_01_WRI-R1_M014.png,graz_pt_351,graz_study_351_1,0,wrist,AP_PA,ao:unclassified,quarantined_ambiguous,quarantine
graz_pediatric_wrist,D:\anvation\ml\data\bone fracture\images\0351_0798024563_01_WRI-R2_M014.png,0351_0798024563_01_WRI-R2_M014.png,graz_pt_351,graz_study_351_1,0,wrist,LAT,ao:unclassified,quarantined_ambiguous,quarantine
graz_pediatric_wrist,D:\anvation\ml\data\bone fracture\images\0357_0540100559_01_WRI-R2_M017.png,0357_0540100559_01_WRI-R2_M017.png,graz_pt_357,graz_study_357_1,0,wrist,LAT,ao:unclassified,quarantined_ambiguous,quarantine
graz_pediatric_wrist,D:\anvation\ml\data\bone fracture\images\0365_1154666504_01_WRI-L1_M013.png,0365_1154666504_01_WRI-L1_M013.png,graz_pt_365,graz_study_365_1,0,wrist,AP_PA,ao:23r-M/2.1,quarantined_ambiguous,quarantine
graz_pediatric_wrist,D:\anvation\ml\data\bone fracture\images\0365_1154666549_01_WRI-L2_M013.png,0365_1154666549_01_WRI-L2_M013.png,graz_pt_365,graz_study_365_1,1,wrist,LAT,ao:23r-M/2.1,quarantined_ambiguous,quarantine
graz_pediatric_wrist,D:\anvation\ml\data\bone fracture\images\0365_1256861054_02_WRI-R1_M016.png,0365_1256861054_02_WRI-R1_M016.png,graz_pt_365,graz_study_365_2,0,wrist,AP_PA,ao:23r-M/2.1,quarantined_ambiguous,quarantine
graz_pediatric_wrist,D:\anvation\ml\data\bone fracture\images\0365_1256861091_02_WRI-R2_M016.png,0365_1256861091_02_WRI-R2_M016.png,graz_pt_365,graz_study_365_2,1,wrist,LAT,ao:23r-M/2.1,quarantined_ambiguous,quarantine
graz_pediatric_wrist,D:\anvation\ml\data\bone fracture\images\0369_0253783384_01_WRI-L1_F011.png,0369_0253783384_01_WRI-L1_F011.png,graz_pt_369,graz_study_369_1,0,wrist,AP_PA,ao:unclassified,quarantined_ambiguous,quarantine
graz_pediatric_wrist,D:\anvation\ml\data\bone fracture\images\0369_0253783414_01_WRI-L2_F011.png,0369_0253783414_01_WRI-L2_F011.png,graz_pt_369,graz_study_369_1,0,wrist,LAT,ao:unclassified,quarantined_ambiguous,quarantine
graz_pediatric_wrist,D:\anvation\ml\data\bone fracture\images\0433_0568134459_01_WRI-R1_M013.png,0433_0568134459_01_WRI-R1_M013.png,graz_pt_433,graz_study_433_1,0,wrist,AP_PA,ao:unclassified,quarantined_ambiguous,quarantine
graz_pediatric_wrist,D:\anvation\ml\data\bone fracture\images\0433_0568134520_01_WRI-R2_M013.png,0433_0568134520_01_WRI-R2_M013.png,graz_pt_433,graz_study_433_1,0,wrist,LAT,ao:unclassified,quarantined_ambiguous,quarantine
graz_pediatric_wrist,D:\anvation\ml\data\bone fracture\images\0495_0596442589_01_WRI-L1_M004.png,0495_0596442589_01_WRI-L1_M004.png,graz_pt_495,graz_study_495_1,0,wrist,AP_PA,ao:23r-M/2.1,quarantined_ambiguous,quarantine
graz_pediatric_wrist,D:\anvation\ml\data\bone fracture\images\0495_0596442638_01_WRI-L2_M004.png,0495_0596442638_01_WRI-L2_M004.png,graz_pt_495,graz_study_495_1,1,wrist,LAT,ao:23r-M/2.1,quarantined_ambiguous,quarantine
graz_pediatric_wrist,D:\anvation\ml\data\bone fracture\images\0526_1159294867_01_WRI-L1_M014.png,0526_1159294867_01_WRI-L1_M014.png,graz_pt_526,graz_study_526_1,0,wrist,AP_PA,ao:unclassified,quarantined_ambiguous,quarantine
graz_pediatric_wrist,D:\anvation\ml\data\bone fracture\images\0526_1159294895_01_WRI-L2_M014.png,0526_1159294895_01_WRI-L2_M014.png,graz_pt_526,graz_study_526_1,0,wrist,LAT,ao:unclassified,quarantined_ambiguous,quarantine
graz_pediatric_wrist,D:\anvation\ml\data\bone fracture\images\0536_1142550471_02_WRI-L1_M010.png,0536_1142550471_02_WRI-L1_M010.png,graz_pt_536,graz_study_536_2,1,wrist,AP_PA,ao:23r-E/2.1,quarantined_ambiguous,quarantine
graz_pediatric_wrist,D:\anvation\ml\data\bone fracture\images\0536_1142550502_02_WRI-L2_M010.png,0536_1142550502_02_WRI-L2_M010.png,graz_pt_536,graz_study_536_2,1,wrist,LAT,ao:23r-E/2.1,quarantined_ambiguous,quarantine
graz_pediatric_wrist,D:\anvation\ml\data\bone fracture\images\0543_1175085345_01_WRI-L1_F016.png,0543_1175085345_01_WRI-L1_F016.png,graz_pt_543,graz_study_543_1,0,wrist,AP_PA,ao:unclassified,quarantined_ambiguous,quarantine
graz_pediatric_wrist,D:\anvation\ml\data\bone fracture\images\0543_1175085374_01_WRI-L2_F016.png,0543_1175085374_01_WRI-L2_F016.png,graz_pt_543,graz_study_543_1,0,wrist,LAT,ao:unclassified,quarantined_ambiguous,quarantine
graz_pediatric_wrist,D:\anvation\ml\data\bone fracture\images\0551_0646954855_01_WRI-R1_F015.png,0551_0646954855_01_WRI-R1_F015.png,graz_pt_551,graz_study_551_1,0,wrist,AP_PA,ao:unclassified,quarantined_ambiguous,quarantine
graz_pediatric_wrist,D:\anvation\ml\data\bone fracture\images\0551_0646954877_01_WRI-R2_F015.png,0551_0646954877_01_WRI-R2_F015.png,graz_pt_551,graz_study_551_1,0,wrist,LAT,ao:unclassified,quarantined_ambiguous,quarantine
graz_pediatric_wrist,D:\anvation\ml\data\bone fracture\images\0554_0653164727_01_WRI-L1_M014.png,0554_0653164727_01_WRI-L1_M014.png,graz_pt_554,graz_study_554_1,1,wrist,AP_PA,ao:23r-M/2.1,quarantined_ambiguous,quarantine
graz_pediatric_wrist,D:\anvation\ml\data\bone fracture\images\0554_0653164762_01_WRI-L2_M014.png,0554_0653164762_01_WRI-L2_M014.png,graz_pt_554,graz_study_554_1,0,wrist,LAT,ao:23r-M/2.1,quarantined_ambiguous,quarantine
graz_pediatric_wrist,D:\anvation\ml\data\bone fracture\images\0597_0636298809_01_WRI-L1_F014.png,0597_0636298809_01_WRI-L1_F014.png,graz_pt_597,graz_study_597_1,0,wrist,AP_PA,ao:23r-E/1,quarantined_ambiguous,quarantine
graz_pediatric_wrist,D:\anvation\ml\data\bone fracture\images\0597_0636298854_01_WRI-L2_F014.png,0597_0636298854_01_WRI-L2_F014.png,graz_pt_597,graz_study_597_1,0,wrist,LAT,ao:23r-E/1,quarantined_ambiguous,quarantine
graz_pediatric_wrist,D:\anvation\ml\data\bone fracture\images\0606_0383749427_02_WRI-R1_F008.png,0606_0383749427_02_WRI-R1_F008.png,graz_pt_606,graz_study_606_2,0,wrist,AP_PA,ao:23r-M/2.1,quarantined_ambiguous,quarantine
graz_pediatric_wrist,D:\anvation\ml\data\bone fracture\images\0606_0383749448_02_WRI-R2_F008.png,0606_0383749448_02_WRI-R2_F008.png,graz_pt_606,graz_study_606_2,1,wrist,LAT,ao:23r-M/2.1,quarantined_ambiguous,quarantine
graz_pediatric_wrist,D:\anvation\ml\data\bone fracture\images\0630_1264664817_01_WRI-R1_M016.png,0630_1264664817_01_WRI-R1_M016.png,graz_pt_630,graz_study_630_1,0,wrist,AP_PA,ao:unclassified,quarantined_ambiguous,quarantine
graz_pediatric_wrist,D:\anvation\ml\data\bone fracture\images\0630_1264664838_01_WRI-R2_M016.png,0630_1264664838_01_WRI-R2_M016.png,graz_pt_630,graz_study_630_1,0,wrist,LAT,ao:unclassified,quarantined_ambiguous,quarantine
graz_pediatric_wrist,D:\anvation\ml\data\bone fracture\images\0640_0442148783_06_WRI-L1_F011.png,0640_0442148783_06_WRI-L1_F011.png,graz_pt_640,graz_study_640_6,1,wrist,AP_PA,ao:unclassified,quarantined_ambiguous,quarantine
graz_pediatric_wrist,D:\anvation\ml\data\bone fracture\images\0673_0390923893_01_WRI-L1_F000.png,0673_0390923893_01_WRI-L1_F000.png,graz_pt_673,graz_study_673_1,1,wrist,AP_PA,ao:23-M/2.1,quarantined_ambiguous,quarantine
graz_pediatric_wrist,D:\anvation\ml\data\bone fracture\images\0673_0390923946_01_WRI-L2_F000.png,0673_0390923946_01_WRI-L2_F000.png,graz_pt_673,graz_study_673_1,0,wrist,LAT,ao:23-M/2.1,quarantined_ambiguous,quarantine
graz_pediatric_wrist,D:\anvation\ml\data\bone fracture\images\0689_0441796128_01_WRI-L1_F003.png,0689_0441796128_01_WRI-L1_F003.png,graz_pt_689,graz_study_689_1,0,wrist,AP_PA,ao:unclassified,quarantined_ambiguous,quarantine
graz_pediatric_wrist,D:\anvation\ml\data\bone fracture\images\0689_0441796170_01_WRI-L2_F003.png,0689_0441796170_01_WRI-L2_F003.png,graz_pt_689,graz_study_689_1,0,wrist,LAT,ao:unclassified,quarantined_ambiguous,quarantine
graz_pediatric_wrist,D:\anvation\ml\data\bone fracture\images\0700_1061645755_01_WRI-L1_M016.png,0700_1061645755_01_WRI-L1_M016.png,graz_pt_700,graz_study_700_1,0,wrist,AP_PA,ao:unclassified,quarantined_ambiguous,quarantine
graz_pediatric_wrist,D:\anvation\ml\data\bone fracture\images\0700_1061645799_01_WRI-L2_M016.png,0700_1061645799_01_WRI-L2_M016.png,graz_pt_700,graz_study_700_1,0,wrist,LAT,ao:unclassified,quarantined_ambiguous,quarantine
graz_pediatric_wrist,D:\anvation\ml\data\bone fracture\images\0730_0860128343_01_WRI-R1_F004.png,0730_0860128343_01_WRI-R1_F004.png,graz_pt_730,graz_study_730_1,0,wrist,AP_PA,ao:unclassified,quarantined_ambiguous,quarantine
graz_pediatric_wrist,D:\anvation\ml\data\bone fracture\images\0730_0860128427_01_WRI-R2_F004.png,0730_0860128427_01_WRI-R2_F004.png,graz_pt_730,graz_study_730_1,0,wrist,LAT,ao:unclassified,quarantined_ambiguous,quarantine
graz_pediatric_wrist,D:\anvation\ml\data\bone fracture\images\0741_0098367589_01_WRI-R1_M011.png,0741_0098367589_01_WRI-R1_M011.png,graz_pt_741,graz_study_741_1,0,wrist,AP_PA,ao:23r-E/1,quarantined_ambiguous,quarantine
graz_pediatric_wrist,D:\anvation\ml\data\bone fracture\images\0741_0098367618_01_WRI-R2_M011.png,0741_0098367618_01_WRI-R2_M011.png,graz_pt_741,graz_study_741_1,1,wrist,LAT,ao:23r-E/1,quarantined_ambiguous,quarantine
graz_pediatric_wrist,D:\anvation\ml\data\bone fracture\images\0743_0782393120_01_WRI-R1_M012.png,0743_0782393120_01_WRI-R1_M012.png,graz_pt_743,graz_study_743_1,1,wrist,AP_PA,ao:23r-E/2.1,quarantined_ambiguous,quarantine
graz_pediatric_wrist,D:\anvation\ml\data\bone fracture\images\0743_0782393160_01_WRI-R2_M012.png,0743_0782393160_01_WRI-R2_M012.png,graz_pt_743,graz_study_743_1,1,wrist,LAT,ao:23r-E/2.1,quarantined_ambiguous,quarantine
graz_pediatric_wrist,D:\anvation\ml\data\bone fracture\images\0812_0292060027_01_WRI-L1_M011.png,0812_0292060027_01_WRI-L1_M011.png,graz_pt_812,graz_study_812_1,0,wrist,AP_PA,ao:unclassified,quarantined_ambiguous,quarantine
graz_pediatric_wrist,D:\anvation\ml\data\bone fracture\images\0812_0292060056_01_WRI-L2_M011.png,0812_0292060056_01_WRI-L2_M011.png,graz_pt_812,graz_study_812_1,0,wrist,LAT,ao:unclassified,quarantined_ambiguous,quarantine
graz_pediatric_wrist,D:\anvation\ml\data\bone fracture\images\0816_0879751331_01_WRI-R1_M011.png,0816_0879751331_01_WRI-R1_M011.png,graz_pt_816,graz_study_816_1,0,wrist,AP_PA,ao:unclassified,quarantined_ambiguous,quarantine
graz_pediatric_wrist,D:\anvation\ml\data\bone fracture\images\0816_0879751351_01_WRI-R2_M011.png,0816_0879751351_01_WRI-R2_M011.png,graz_pt_816,graz_study_816_1,0,wrist,LAT,ao:unclassified,quarantined_ambiguous,quarantine
graz_pediatric_wrist,D:\anvation\ml\data\bone fracture\images\0849_0644115777_01_WRI-R1_M017.png,0849_0644115777_01_WRI-R1_M017.png,graz_pt_849,graz_study_849_1,0,wrist,AP_PA,ao:23r-M/2.1,quarantined_ambiguous,quarantine
graz_pediatric_wrist,D:\anvation\ml\data\bone fracture\images\0849_0644115805_01_WRI-R2_M017.png,0849_0644115805_01_WRI-R2_M017.png,graz_pt_849,graz_study_849_1,1,wrist,LAT,ao:23r-M/2.1,quarantined_ambiguous,quarantine
graz_pediatric_wrist,D:\anvation\ml\data\bone fracture\images\0852_0420702371_01_WRI-L1_M015.png,0852_0420702371_01_WRI-L1_M015.png,graz_pt_852,graz_study_852_1,0,wrist,AP_PA,ao:unclassified,quarantined_ambiguous,quarantine
graz_pediatric_wrist,D:\anvation\ml\data\bone fracture\images\0852_0420702407_01_WRI-L2_M015.png,0852_0420702407_01_WRI-L2_M015.png,graz_pt_852,graz_study_852_1,0,wrist,LAT,ao:unclassified,quarantined_ambiguous,quarantine
graz_pediatric_wrist,D:\anvation\ml\data\bone fracture\images\0854_0822326614_01_WRI-R1_M012.png,0854_0822326614_01_WRI-R1_M012.png,graz_pt_854,graz_study_854_1,0,wrist,AP_PA,ao:unclassified,quarantined_ambiguous,quarantine
graz_pediatric_wrist,D:\anvation\ml\data\bone fracture\images\0854_0822326643_01_WRI-R2_M012.png,0854_0822326643_01_WRI-R2_M012.png,graz_pt_854,graz_study_854_1,0,wrist,LAT,ao:unclassified,quarantined_ambiguous,quarantine
graz_pediatric_wrist,D:\anvation\ml\data\bone fracture\images\0960_0367989890_01_WRI-L1_M012.png,0960_0367989890_01_WRI-L1_M012.png,graz_pt_960,graz_study_960_1,0,wrist,AP_PA,ao:23r-M/2.1,quarantined_ambiguous,quarantine
graz_pediatric_wrist,D:\anvation\ml\data\bone fracture\images\0960_0367989915_01_WRI-L2_M012.png,0960_0367989915_01_WRI-L2_M012.png,graz_pt_960,graz_study_960_1,1,wrist,LAT,ao:23r-M/2.1,quarantined_ambiguous,quarantine
graz_pediatric_wrist,D:\anvation\ml\data\bone fracture\images\0985_1102314559_01_WRI-R1_M012.png,0985_1102314559_01_WRI-R1_M012.png,graz_pt_985,graz_study_985_1,0,wrist,AP_PA,ao:unclassified,quarantined_ambiguous,quarantine
graz_pediatric_wrist,D:\anvation\ml\data\bone fracture\images\0985_1102314601_01_WRI-R2_M012.png,0985_1102314601_01_WRI-R2_M012.png,graz_pt_985,graz_study_985_1,0,wrist,LAT,ao:unclassified,quarantined_ambiguous,quarantine
graz_pediatric_wrist,D:\anvation\ml\data\bone fracture\images\1029_0475555972_01_WRI-R1_M001.png,1029_0475555972_01_WRI-R1_M001.png,graz_pt_1029,graz_study_1029_1,0,wrist,AP_PA,ao:unclassified,quarantined_ambiguous,quarantine
graz_pediatric_wrist,D:\anvation\ml\data\bone fracture\images\1029_0475556021_02_WRI-R2_M001.png,1029_0475556021_02_WRI-R2_M001.png,graz_pt_1029,graz_study_1029_2,0,wrist,LAT,ao:unclassified,quarantined_ambiguous,quarantine
graz_pediatric_wrist,D:\anvation\ml\data\bone fracture\images\1046_0941758358_01_WRI-R1_M013.png,1046_0941758358_01_WRI-R1_M013.png,graz_pt_1046,graz_study_1046_1,0,wrist,AP_PA,ao:23r-M/2.1,quarantined_ambiguous,quarantine
graz_pediatric_wrist,D:\anvation\ml\data\bone fracture\images\1046_0941758413_01_WRI-R2_M013.png,1046_0941758413_01_WRI-R2_M013.png,graz_pt_1046,graz_study_1046_1,1,wrist,LAT,ao:23r-M/2.1,quarantined_ambiguous,quarantine
graz_pediatric_wrist,D:\anvation\ml\data\bone fracture\images\1098_0745897029_01_WRI-L1_M015.png,1098_0745897029_01_WRI-L1_M015.png,graz_pt_1098,graz_study_1098_1,0,wrist,AP_PA,ao:unclassified,quarantined_ambiguous,quarantine
graz_pediatric_wrist,D:\anvation\ml\data\bone fracture\images\1098_0745897059_01_WRI-L2_M015.png,1098_0745897059_01_WRI-L2_M015.png,graz_pt_1098,graz_study_1098_1,0,wrist,LAT,ao:unclassified,quarantined_ambiguous,quarantine
graz_pediatric_wrist,D:\anvation\ml\data\bone fracture\images\1154_1033108233_01_WRI-R1_M012.png,1154_1033108233_01_WRI-R1_M012.png,graz_pt_1154,graz_study_1154_1,0,wrist,AP_PA,ao:unclassified,quarantined_ambiguous,quarantine
graz_pediatric_wrist,D:\anvation\ml\data\bone fracture\images\1154_1033108268_01_WRI-R2_M012.png,1154_1033108268_01_WRI-R2_M012.png,graz_pt_1154,graz_study_1154_1,0,wrist,LAT,ao:unclassified,quarantined_ambiguous,quarantine
graz_pediatric_wrist,D:\anvation\ml\data\bone fracture\images\1194_0483124757_01_WRI-L1_M015.png,1194_0483124757_01_WRI-L1_M015.png,graz_pt_1194,graz_study_1194_1,0,wrist,AP_PA,ao:23r-M/2.1,quarantined_ambiguous,quarantine
graz_pediatric_wrist,D:\anvation\ml\data\bone fracture\images\1194_0483124805_01_WRI-L2_M015.png,1194_0483124805_01_WRI-L2_M015.png,graz_pt_1194,graz_study_1194_1,0,wrist,LAT,ao:23r-M/2.1,quarantined_ambiguous,quarantine
graz_pediatric_wrist,D:\anvation\ml\data\bone fracture\images\1235_0625258952_01_WRI-R1_M011.png,1235_0625258952_01_WRI-R1_M011.png,graz_pt_1235,graz_study_1235_1,0,wrist,AP_PA,ao:unclassified,quarantined_ambiguous,quarantine
graz_pediatric_wrist,D:\anvation\ml\data\bone fracture\images\1235_0625258990_01_WRI-R2_M011.png,1235_0625258990_01_WRI-R2_M011.png,graz_pt_1235,graz_study_1235_1,0,wrist,LAT,ao:unclassified,quarantined_ambiguous,quarantine
graz_pediatric_wrist,D:\anvation\ml\data\bone fracture\images\1252_0608855023_01_WRI-L1_M012.png,1252_0608855023_01_WRI-L1_M012.png,graz_pt_1252,graz_study_1252_1,0,wrist,AP_PA,ao:23r-M/2.1,quarantined_ambiguous,quarantine
graz_pediatric_wrist,D:\anvation\ml\data\bone fracture\images\1252_0608855061_01_WRI-L2_M012.png,1252_0608855061_01_WRI-L2_M012.png,graz_pt_1252,graz_study_1252_1,1,wrist,LAT,ao:23r-M/2.1,quarantined_ambiguous,quarantine
graz_pediatric_wrist,D:\anvation\ml\data\bone fracture\images\1268_0508060365_01_WRI-R1_M010.png,1268_0508060365_01_WRI-R1_M010.png,graz_pt_1268,graz_study_1268_1,0,wrist,AP_PA,ao:23r-M/2.1,quarantined_ambiguous,quarantine
graz_pediatric_wrist,D:\anvation\ml\data\bone fracture\images\1268_0508060394_01_WRI-R2_M010.png,1268_0508060394_01_WRI-R2_M010.png,graz_pt_1268,graz_study_1268_1,1,wrist,LAT,ao:23r-M/2.1,quarantined_ambiguous,quarantine
graz_pediatric_wrist,D:\anvation\ml\data\bone fracture\images\1320_0385781954_01_WRI-L1_M011.png,1320_0385781954_01_WRI-L1_M011.png,graz_pt_1320,graz_study_1320_1,0,wrist,AP_PA,ao:unclassified,quarantined_ambiguous,quarantine
graz_pediatric_wrist,D:\anvation\ml\data\bone fracture\images\1320_0385781984_01_WRI-L2_M011.png,1320_0385781984_01_WRI-L2_M011.png,graz_pt_1320,graz_study_1320_1,0,wrist,LAT,ao:unclassified,quarantined_ambiguous,quarantine
graz_pediatric_wrist,D:\anvation\ml\data\bone fracture\images\1328_0259390213_01_WRI-L2_M009.png,1328_0259390213_01_WRI-L2_M009.png,graz_pt_1328,graz_study_1328_1,0,wrist,LAT,ao:unclassified,quarantined_ambiguous,quarantine
graz_pediatric_wrist,D:\anvation\ml\data\bone fracture\images\1343_0712258774_01_WRI-L1_M012.png,1343_0712258774_01_WRI-L1_M012.png,graz_pt_1343,graz_study_1343_1,0,wrist,AP_PA,ao:unclassified,quarantined_ambiguous,quarantine
graz_pediatric_wrist,D:\anvation\ml\data\bone fracture\images\1343_0712258802_01_WRI-L2_M012.png,1343_0712258802_01_WRI-L2_M012.png,graz_pt_1343,graz_study_1343_1,0,wrist,LAT,ao:unclassified,quarantined_ambiguous,quarantine
graz_pediatric_wrist,D:\anvation\ml\data\bone fracture\images\1388_0924157608_01_WRI-R1_M012.png,1388_0924157608_01_WRI-R1_M012.png,graz_pt_1388,graz_study_1388_1,0,wrist,AP_PA,ao:unclassified,quarantined_ambiguous,quarantine
graz_pediatric_wrist,D:\anvation\ml\data\bone fracture\images\1388_0924157636_01_WRI-R2_M012.png,1388_0924157636_01_WRI-R2_M012.png,graz_pt_1388,graz_study_1388_1,0,wrist,LAT,ao:unclassified,quarantined_ambiguous,quarantine
graz_pediatric_wrist,D:\anvation\ml\data\bone fracture\images\1397_0941480505_01_WRI-L1_M013.png,1397_0941480505_01_WRI-L1_M013.png,graz_pt_1397,graz_study_1397_1,0,wrist,AP_PA,ao:unclassified,quarantined_ambiguous,quarantine
graz_pediatric_wrist,D:\anvation\ml\data\bone fracture\images\1397_0941480575_01_WRI-L2_M013.png,1397_0941480575_01_WRI-L2_M013.png,graz_pt_1397,graz_study_1397_1,0,wrist,LAT,ao:unclassified,quarantined_ambiguous,quarantine
graz_pediatric_wrist,D:\anvation\ml\data\bone fracture\images\1452_0440920752_01_WRI-R1_F010.png,1452_0440920752_01_WRI-R1_F010.png,graz_pt_1452,graz_study_1452_1,0,wrist,AP_PA,ao:unclassified,quarantined_ambiguous,quarantine
graz_pediatric_wrist,D:\anvation\ml\data\bone fracture\images\1452_0440920776_01_WRI-R2_F010.png,1452_0440920776_01_WRI-R2_F010.png,graz_pt_1452,graz_study_1452_1,0,wrist,LAT,ao:unclassified,quarantined_ambiguous,quarantine
graz_pediatric_wrist,D:\anvation\ml\data\bone fracture\images\1456_0516020442_01_WRI-R1_M013.png,1456_0516020442_01_WRI-R1_M013.png,graz_pt_1456,graz_study_1456_1,0,wrist,AP_PA,ao:23r-M/2.1,quarantined_ambiguous,quarantine
graz_pediatric_wrist,D:\anvation\ml\data\bone fracture\images\1456_0516020479_01_WRI-R2_M013.png,1456_0516020479_01_WRI-R2_M013.png,graz_pt_1456,graz_study_1456_1,1,wrist,LAT,ao:23r-M/2.1,quarantined_ambiguous,quarantine
graz_pediatric_wrist,D:\anvation\ml\data\bone fracture\images\1475_0288929560_01_WRI-L1_M013.png,1475_0288929560_01_WRI-L1_M013.png,graz_pt_1475,graz_study_1475_1,0,wrist,AP_PA,ao:23r-M/2.1,quarantined_ambiguous,quarantine
graz_pediatric_wrist,D:\anvation\ml\data\bone fracture\images\1475_0288929597_01_WRI-L2_M013.png,1475_0288929597_01_WRI-L2_M013.png,graz_pt_1475,graz_study_1475_1,1,wrist,LAT,ao:23r-M/2.1,quarantined_ambiguous,quarantine
graz_pediatric_wrist,D:\anvation\ml\data\bone fracture\images\1561_1091787408_01_WRI-L1_F017.png,1561_1091787408_01_WRI-L1_F017.png,graz_pt_1561,graz_study_1561_1,0,wrist,AP_PA,ao:unclassified,quarantined_ambiguous,quarantine
graz_pediatric_wrist,D:\anvation\ml\data\bone fracture\images\1561_1091787457_01_WRI-L2_F017.png,1561_1091787457_01_WRI-L2_F017.png,graz_pt_1561,graz_study_1561_1,0,wrist,LAT,ao:unclassified,quarantined_ambiguous,quarantine
graz_pediatric_wrist,D:\anvation\ml\data\bone fracture\images\1600_0301554297_05_WRI-R1_M014.png,1600_0301554297_05_WRI-R1_M014.png,graz_pt_1600,graz_study_1600_5,0,wrist,AP_PA,ao:unclassified,quarantined_ambiguous,quarantine
graz_pediatric_wrist,D:\anvation\ml\data\bone fracture\images\1600_0301554329_05_WRI-R2_M014.png,1600_0301554329_05_WRI-R2_M014.png,graz_pt_1600,graz_study_1600_5,0,wrist,LAT,ao:unclassified,quarantined_ambiguous,quarantine
graz_pediatric_wrist,D:\anvation\ml\data\bone fracture\images\1606_0458333792_01_WRI-R1_F006.png,1606_0458333792_01_WRI-R1_F006.png,graz_pt_1606,graz_study_1606_1,0,wrist,AP_PA,ao:unclassified,quarantined_ambiguous,quarantine
graz_pediatric_wrist,D:\anvation\ml\data\bone fracture\images\1606_0458333834_01_WRI-R2_F006.png,1606_0458333834_01_WRI-R2_F006.png,graz_pt_1606,graz_study_1606_1,0,wrist,LAT,ao:unclassified,quarantined_ambiguous,quarantine
graz_pediatric_wrist,D:\anvation\ml\data\bone fracture\images\1685_1175174261_01_WRI-L1_M013.png,1685_1175174261_01_WRI-L1_M013.png,graz_pt_1685,graz_study_1685_1,1,wrist,AP_PA,ao:23r-M/2.1; 23u-E/7,quarantined_ambiguous,quarantine
graz_pediatric_wrist,D:\anvation\ml\data\bone fracture\images\1685_1175174296_01_WRI-L2_M013.png,1685_1175174296_01_WRI-L2_M013.png,graz_pt_1685,graz_study_1685_1,1,wrist,LAT,ao:23r-M/2.1; 23u-E/7,quarantined_ambiguous,quarantine
graz_pediatric_wrist,D:\anvation\ml\data\bone fracture\images\1713_0272119148_01_WRI-R1_F010.png,1713_0272119148_01_WRI-R1_F010.png,graz_pt_1713,graz_study_1713_1,1,wrist,AP_PA,ao:23r-E/2.1,quarantined_ambiguous,quarantine
graz_pediatric_wrist,D:\anvation\ml\data\bone fracture\images\1713_0272119218_01_WRI-R2_F010.png,1713_0272119218_01_WRI-R2_F010.png,graz_pt_1713,graz_study_1713_1,1,wrist,LAT,ao:23r-E/2.1,quarantined_ambiguous,quarantine
graz_pediatric_wrist,D:\anvation\ml\data\bone fracture\images\1720_0744921418_01_WRI-L1_M013.png,1720_0744921418_01_WRI-L1_M013.png,graz_pt_1720,graz_study_1720_1,0,wrist,AP_PA,ao:unclassified,quarantined_ambiguous,quarantine
graz_pediatric_wrist,D:\anvation\ml\data\bone fracture\images\1720_0744921454_01_WRI-L2_M013.png,1720_0744921454_01_WRI-L2_M013.png,graz_pt_1720,graz_study_1720_1,0,wrist,LAT,ao:unclassified,quarantined_ambiguous,quarantine
graz_pediatric_wrist,D:\anvation\ml\data\bone fracture\images\1721_0768366873_01_WRI-R2_M011.png,1721_0768366873_01_WRI-R2_M011.png,graz_pt_1721,graz_study_1721_1,0,wrist,LAT,ao:unclassified,quarantined_ambiguous,quarantine
graz_pediatric_wrist,D:\anvation\ml\data\bone fracture\images\1725_0182187801_01_WRI-L1_M012.png,1725_0182187801_01_WRI-L1_M012.png,graz_pt_1725,graz_study_1725_1,0,wrist,AP_PA,ao:unclassified,quarantined_ambiguous,quarantine
graz_pediatric_wrist,D:\anvation\ml\data\bone fracture\images\1725_0182187836_01_WRI-L2_M012.png,1725_0182187836_01_WRI-L2_M012.png,graz_pt_1725,graz_study_1725_1,0,wrist,LAT,ao:unclassified,quarantined_ambiguous,quarantine
graz_pediatric_wrist,D:\anvation\ml\data\bone fracture\images\1810_1233536386_02_WRI-R1_F011.png,1810_1233536386_02_WRI-R1_F011.png,graz_pt_1810,graz_study_1810_2,0,wrist,AP_PA,ao:23r-M/2.1,quarantined_ambiguous,quarantine
graz_pediatric_wrist,D:\anvation\ml\data\bone fracture\images\1810_1233536428_02_WRI-R2_F011.png,1810_1233536428_02_WRI-R2_F011.png,graz_pt_1810,graz_study_1810_2,1,wrist,LAT,ao:23r-M/2.1,quarantined_ambiguous,quarantine
graz_pediatric_wrist,D:\anvation\ml\data\bone fracture\images\1849_0195198422_01_WRI-R1_M016.png,1849_0195198422_01_WRI-R1_M016.png,graz_pt_1849,graz_study_1849_1,0,wrist,AP_PA,ao:23r-M/2.1,quarantined_ambiguous,quarantine
graz_pediatric_wrist,D:\anvation\ml\data\bone fracture\images\1849_0195198484_01_WRI-R2_M016.png,1849_0195198484_01_WRI-R2_M016.png,graz_pt_1849,graz_study_1849_1,1,wrist,LAT,ao:23r-M/2.1,quarantined_ambiguous,quarantine
graz_pediatric_wrist,D:\anvation\ml\data\bone fracture\images\1877_1106685849_01_WRI-L1_M013.png,1877_1106685849_01_WRI-L1_M013.png,graz_pt_1877,graz_study_1877_1,0,wrist,AP_PA,ao:23r-E/2.1,quarantined_ambiguous,quarantine
graz_pediatric_wrist,D:\anvation\ml\data\bone fracture\images\1877_1106685904_01_WRI-L2_M013.png,1877_1106685904_01_WRI-L2_M013.png,graz_pt_1877,graz_study_1877_1,1,wrist,LAT,ao:23r-E/2.1,quarantined_ambiguous,quarantine
graz_pediatric_wrist,D:\anvation\ml\data\bone fracture\images\1921_0561276339_01_WRI-R1_M013.png,1921_0561276339_01_WRI-R1_M013.png,graz_pt_1921,graz_study_1921_1,0,wrist,AP_PA,ao:unclassified,quarantined_ambiguous,quarantine
graz_pediatric_wrist,D:\anvation\ml\data\bone fracture\images\1921_0561276365_01_WRI-R2_M013.png,1921_0561276365_01_WRI-R2_M013.png,graz_pt_1921,graz_study_1921_1,0,wrist,LAT,ao:unclassified,quarantined_ambiguous,quarantine
graz_pediatric_wrist,D:\anvation\ml\data\bone fracture\images\1923_1051906572_02_WRI-L1_M012.png,1923_1051906572_02_WRI-L1_M012.png,graz_pt_1923,graz_study_1923_2,0,wrist,AP_PA,ao:unclassified,quarantined_ambiguous,quarantine
graz_pediatric_wrist,D:\anvation\ml\data\bone fracture\images\1923_1051906600_02_WRI-L2_M012.png,1923_1051906600_02_WRI-L2_M012.png,graz_pt_1923,graz_study_1923_2,0,wrist,LAT,ao:unclassified,quarantined_ambiguous,quarantine
graz_pediatric_wrist,D:\anvation\ml\data\bone fracture\images\1932_0330231259_01_WRI-L1_F012.png,1932_0330231259_01_WRI-L1_F012.png,graz_pt_1932,graz_study_1932_1,0,wrist,AP_PA,ao:unclassified,quarantined_ambiguous,quarantine
graz_pediatric_wrist,D:\anvation\ml\data\bone fracture\images\1932_0330231327_01_WRI-L2_F012.png,1932_0330231327_01_WRI-L2_F012.png,graz_pt_1932,graz_study_1932_1,0,wrist,LAT,ao:unclassified,quarantined_ambiguous,quarantine
graz_pediatric_wrist,D:\anvation\ml\data\bone fracture\images\1990_0624252852_01_WRI-R1_F008.png,1990_0624252852_01_WRI-R1_F008.png,graz_pt_1990,graz_study_1990_1,0,wrist,AP_PA,ao:unclassified,quarantined_ambiguous,quarantine
graz_pediatric_wrist,D:\anvation\ml\data\bone fracture\images\1990_0624252886_01_WRI-R2_F008.png,1990_0624252886_01_WRI-R2_F008.png,graz_pt_1990,graz_study_1990_1,0,wrist,LAT,ao:unclassified,quarantined_ambiguous,quarantine
graz_pediatric_wrist,D:\anvation\ml\data\bone fracture\images\2027_0509727345_01_WRI-R1_F009.png,2027_0509727345_01_WRI-R1_F009.png,graz_pt_2027,graz_study_2027_1,0,wrist,AP_PA,ao:unclassified,quarantined_ambiguous,quarantine
graz_pediatric_wrist,D:\anvation\ml\data\bone fracture\images\2027_0509727370_01_WRI-R1_F009.png,2027_0509727370_01_WRI-R1_F009.png,graz_pt_2027,graz_study_2027_1,0,wrist,AP_PA,ao:unclassified,quarantined_ambiguous,quarantine
graz_pediatric_wrist,D:\anvation\ml\data\bone fracture\images\2028_0094380659_01_WRI-L1_M015.png,2028_0094380659_01_WRI-L1_M015.png,graz_pt_2028,graz_study_2028_1,0,wrist,AP_PA,ao:unclassified,quarantined_ambiguous,quarantine
graz_pediatric_wrist,D:\anvation\ml\data\bone fracture\images\2028_0094380697_01_WRI-L2_M015.png,2028_0094380697_01_WRI-L2_M015.png,graz_pt_2028,graz_study_2028_1,0,wrist,LAT,ao:unclassified,quarantined_ambiguous,quarantine
graz_pediatric_wrist,D:\anvation\ml\data\bone fracture\images\2047_0885653368_01_WRI-R1_M013.png,2047_0885653368_01_WRI-R1_M013.png,graz_pt_2047,graz_study_2047_1,0,wrist,AP_PA,ao:23r-M/2.1,quarantined_ambiguous,quarantine
graz_pediatric_wrist,D:\anvation\ml\data\bone fracture\images\2047_0885653401_01_WRI-R2_M013.png,2047_0885653401_01_WRI-R2_M013.png,graz_pt_2047,graz_study_2047_1,1,wrist,LAT,ao:23r-M/2.1,quarantined_ambiguous,quarantine
graz_pediatric_wrist,D:\anvation\ml\data\bone fracture\images\2058_0344091048_01_WRI-L1_M009.png,2058_0344091048_01_WRI-L1_M009.png,graz_pt_2058,graz_study_2058_1,0,wrist,AP_PA,ao:23r-M/2.1,quarantined_ambiguous,quarantine
graz_pediatric_wrist,D:\anvation\ml\data\bone fracture\images\2058_0344091085_01_WRI-L2_M009.png,2058_0344091085_01_WRI-L2_M009.png,graz_pt_2058,graz_study_2058_1,1,wrist,LAT,ao:23r-M/2.1,quarantined_ambiguous,quarantine
graz_pediatric_wrist,D:\anvation\ml\data\bone fracture\images\2075_0545909615_01_WRI-R1_M014.png,2075_0545909615_01_WRI-R1_M014.png,graz_pt_2075,graz_study_2075_1,1,wrist,AP_PA,ao:72B(c),quarantined_ambiguous,quarantine
graz_pediatric_wrist,D:\anvation\ml\data\bone fracture\images\2075_0545909667_01_WRI-R2_M014.png,2075_0545909667_01_WRI-R2_M014.png,graz_pt_2075,graz_study_2075_1,0,wrist,LAT,ao:72B(c),quarantined_ambiguous,quarantine
graz_pediatric_wrist,D:\anvation\ml\data\bone fracture\images\2108_1050681728_01_WRI-R1_M016.png,2108_1050681728_01_WRI-R1_M016.png,graz_pt_2108,graz_study_2108_1,0,wrist,AP_PA,ao:23r-M/2.1,quarantined_ambiguous,quarantine
graz_pediatric_wrist,D:\anvation\ml\data\bone fracture\images\2108_1050681773_01_WRI-R2_M016.png,2108_1050681773_01_WRI-R2_M016.png,graz_pt_2108,graz_study_2108_1,1,wrist,LAT,ao:23r-M/2.1,quarantined_ambiguous,quarantine
graz_pediatric_wrist,D:\anvation\ml\data\bone fracture\images\2138_1087053303_01_WRI-L1_M003.png,2138_1087053303_01_WRI-L1_M003.png,graz_pt_2138,graz_study_2138_1,0,wrist,AP_PA,ao:23r-M/2.1,quarantined_ambiguous,quarantine
graz_pediatric_wrist,D:\anvation\ml\data\bone fracture\images\2138_1087053339_01_WRI-L2_M003.png,2138_1087053339_01_WRI-L2_M003.png,graz_pt_2138,graz_study_2138_1,1,wrist,LAT,ao:23r-M/2.1,quarantined_ambiguous,quarantine
graz_pediatric_wrist,D:\anvation\ml\data\bone fracture\images\2160_1133005054_01_WRI-R1_M000.png,2160_1133005054_01_WRI-R1_M000.png,graz_pt_2160,graz_study_2160_1,0,wrist,AP_PA,ao:unclassified,quarantined_ambiguous,quarantine
graz_pediatric_wrist,D:\anvation\ml\data\bone fracture\images\2170_0469036990_01_WRI-R1_M011.png,2170_0469036990_01_WRI-R1_M011.png,graz_pt_2170,graz_study_2170_1,1,wrist,AP_PA,ao:23-E/1,quarantined_ambiguous,quarantine
graz_pediatric_wrist,D:\anvation\ml\data\bone fracture\images\2170_0469037034_02_WRI-R2_M011.png,2170_0469037034_02_WRI-R2_M011.png,graz_pt_2170,graz_study_2170_2,1,wrist,LAT,ao:23-E/1,quarantined_ambiguous,quarantine
graz_pediatric_wrist,D:\anvation\ml\data\bone fracture\images\2226_0558226354_01_WRI-R1_M014.png,2226_0558226354_01_WRI-R1_M014.png,graz_pt_2226,graz_study_2226_1,0,wrist,AP_PA,ao:unclassified,quarantined_ambiguous,quarantine
graz_pediatric_wrist,D:\anvation\ml\data\bone fracture\images\2226_0558226390_01_WRI-R2_M014.png,2226_0558226390_01_WRI-R2_M014.png,graz_pt_2226,graz_study_2226_1,0,wrist,LAT,ao:unclassified,quarantined_ambiguous,quarantine
graz_pediatric_wrist,D:\anvation\ml\data\bone fracture\images\2301_1098712073_01_WRI-R1_M013.png,2301_1098712073_01_WRI-R1_M013.png,graz_pt_2301,graz_study_2301_1,0,wrist,AP_PA,ao:unclassified,quarantined_ambiguous,quarantine
graz_pediatric_wrist,D:\anvation\ml\data\bone fracture\images\2301_1098712105_01_WRI-R2_M013.png,2301_1098712105_01_WRI-R2_M013.png,graz_pt_2301,graz_study_2301_1,0,wrist,LAT,ao:unclassified,quarantined_ambiguous,quarantine
graz_pediatric_wrist,D:\anvation\ml\data\bone fracture\images\2325_1253662138_03_WRI-R1_M015.png,2325_1253662138_03_WRI-R1_M015.png,graz_pt_2325,graz_study_2325_3,0,wrist,AP_PA,ao:unclassified,quarantined_ambiguous,quarantine
graz_pediatric_wrist,D:\anvation\ml\data\bone fracture\images\2325_1253662167_03_WRI-R2_M015.png,2325_1253662167_03_WRI-R2_M015.png,graz_pt_2325,graz_study_2325_3,0,wrist,LAT,ao:unclassified,quarantined_ambiguous,quarantine
graz_pediatric_wrist,D:\anvation\ml\data\bone fracture\images\2339_0560857188_01_WRI-R1_F012.png,2339_0560857188_01_WRI-R1_F012.png,graz_pt_2339,graz_study_2339_1,1,wrist,AP_PA,ao:23r-E/1,quarantined_ambiguous,quarantine
graz_pediatric_wrist,D:\anvation\ml\data\bone fracture\images\2339_0560857213_01_WRI-R2_F012.png,2339_0560857213_01_WRI-R2_F012.png,graz_pt_2339,graz_study_2339_1,1,wrist,LAT,ao:23r-E/1,quarantined_ambiguous,quarantine
graz_pediatric_wrist,D:\anvation\ml\data\bone fracture\images\2384_0324540014_01_WRI-R1_M008.png,2384_0324540014_01_WRI-R1_M008.png,graz_pt_2384,graz_study_2384_1,0,wrist,AP_PA,ao:23r-M/2.1,quarantined_ambiguous,quarantine
graz_pediatric_wrist,D:\anvation\ml\data\bone fracture\images\2384_0324540051_01_WRI-R2_M008.png,2384_0324540051_01_WRI-R2_M008.png,graz_pt_2384,graz_study_2384_1,1,wrist,LAT,ao:23r-M/2.1,quarantined_ambiguous,quarantine
graz_pediatric_wrist,D:\anvation\ml\data\bone fracture\images\2414_0616529304_01_WRI-L1_F012.png,2414_0616529304_01_WRI-L1_F012.png,graz_pt_2414,graz_study_2414_1,0,wrist,AP_PA,ao:unclassified,quarantined_ambiguous,quarantine
graz_pediatric_wrist,D:\anvation\ml\data\bone fracture\images\2414_0616529332_01_WRI-L2_F012.png,2414_0616529332_01_WRI-L2_F012.png,graz_pt_2414,graz_study_2414_1,0,wrist,LAT,ao:unclassified,quarantined_ambiguous,quarantine
graz_pediatric_wrist,D:\anvation\ml\data\bone fracture\images\2443_0960661390_01_WRI-R1_M014.png,2443_0960661390_01_WRI-R1_M014.png,graz_pt_2443,graz_study_2443_1,0,wrist,AP_PA,ao:unclassified,quarantined_ambiguous,quarantine
graz_pediatric_wrist,D:\anvation\ml\data\bone fracture\images\2443_0960661430_01_WRI-R2_M014.png,2443_0960661430_01_WRI-R2_M014.png,graz_pt_2443,graz_study_2443_1,0,wrist,LAT,ao:unclassified,quarantined_ambiguous,quarantine
graz_pediatric_wrist,D:\anvation\ml\data\bone fracture\images\2443_0984676840_08_WRI-L1_M014.png,2443_0984676840_08_WRI-L1_M014.png,graz_pt_2443,graz_study_2443_8,0,wrist,AP_PA,ao:unclassified,quarantined_ambiguous,quarantine
graz_pediatric_wrist,D:\anvation\ml\data\bone fracture\images\2443_0984676891_08_WRI-L2_M014.png,2443_0984676891_08_WRI-L2_M014.png,graz_pt_2443,graz_study_2443_8,0,wrist,LAT,ao:unclassified,quarantined_ambiguous,quarantine
graz_pediatric_wrist,D:\anvation\ml\data\bone fracture\images\2496_1227934627_01_WRI-R1_M012.png,2496_1227934627_01_WRI-R1_M012.png,graz_pt_2496,graz_study_2496_1,1,wrist,AP_PA,ao:23r-E/1,quarantined_ambiguous,quarantine
graz_pediatric_wrist,D:\anvation\ml\data\bone fracture\images\2496_1227934674_01_WRI-R2_M012.png,2496_1227934674_01_WRI-R2_M012.png,graz_pt_2496,graz_study_2496_1,1,wrist,LAT,ao:23r-E/1,quarantined_ambiguous,quarantine
graz_pediatric_wrist,D:\anvation\ml\data\bone fracture\images\2514_1021054535_02_WRI-L1_F014.png,2514_1021054535_02_WRI-L1_F014.png,graz_pt_2514,graz_study_2514_2,0,wrist,AP_PA,ao:unclassified,quarantined_ambiguous,quarantine
graz_pediatric_wrist,D:\anvation\ml\data\bone fracture\images\2514_1021054658_02_WRI-L2_F014.png,2514_1021054658_02_WRI-L2_F014.png,graz_pt_2514,graz_study_2514_2,0,wrist,LAT,ao:unclassified,quarantined_ambiguous,quarantine
graz_pediatric_wrist,D:\anvation\ml\data\bone fracture\images\2546_0836058117_01_WRI-R1_F008.png,2546_0836058117_01_WRI-R1_F008.png,graz_pt_2546,graz_study_2546_1,0,wrist,AP_PA,ao:unclassified,quarantined_ambiguous,quarantine
graz_pediatric_wrist,D:\anvation\ml\data\bone fracture\images\2546_0836058186_01_WRI-R2_F008.png,2546_0836058186_01_WRI-R2_F008.png,graz_pt_2546,graz_study_2546_1,0,wrist,LAT,ao:unclassified,quarantined_ambiguous,quarantine
graz_pediatric_wrist,D:\anvation\ml\data\bone fracture\images\2568_0466032253_01_WRI-R1_F007.png,2568_0466032253_01_WRI-R1_F007.png,graz_pt_2568,graz_study_2568_1,0,wrist,AP_PA,ao:unclassified,quarantined_ambiguous,quarantine
graz_pediatric_wrist,D:\anvation\ml\data\bone fracture\images\2568_0466032288_01_WRI-R2_F007.png,2568_0466032288_01_WRI-R2_F007.png,graz_pt_2568,graz_study_2568_1,0,wrist,LAT,ao:unclassified,quarantined_ambiguous,quarantine
graz_pediatric_wrist,D:\anvation\ml\data\bone fracture\images\2578_0172457871_01_WRI-R1_F013.png,2578_0172457871_01_WRI-R1_F013.png,graz_pt_2578,graz_study_2578_1,0,wrist,AP_PA,ao:unclassified,quarantined_ambiguous,quarantine
graz_pediatric_wrist,D:\anvation\ml\data\bone fracture\images\2578_0172457915_01_WRI-R2_F013.png,2578_0172457915_01_WRI-R2_F013.png,graz_pt_2578,graz_study_2578_1,0,wrist,LAT,ao:unclassified,quarantined_ambiguous,quarantine
graz_pediatric_wrist,D:\anvation\ml\data\bone fracture\images\2601_0341330582_01_WRI-R1_F011.png,2601_0341330582_01_WRI-R1_F011.png,graz_pt_2601,graz_study_2601_1,0,wrist,AP_PA,ao:unclassified,quarantined_ambiguous,quarantine
graz_pediatric_wrist,D:\anvation\ml\data\bone fracture\images\2601_0341330646_01_WRI-R2_F011.png,2601_0341330646_01_WRI-R2_F011.png,graz_pt_2601,graz_study_2601_1,0,wrist,LAT,ao:unclassified,quarantined_ambiguous,quarantine
graz_pediatric_wrist,D:\anvation\ml\data\bone fracture\images\2630_0493759244_01_WRI-L1_M017.png,2630_0493759244_01_WRI-L1_M017.png,graz_pt_2630,graz_study_2630_1,0,wrist,AP_PA,ao:unclassified,quarantined_ambiguous,quarantine
graz_pediatric_wrist,D:\anvation\ml\data\bone fracture\images\2630_0493759271_01_WRI-L2_M017.png,2630_0493759271_01_WRI-L2_M017.png,graz_pt_2630,graz_study_2630_1,0,wrist,LAT,ao:unclassified,quarantined_ambiguous,quarantine
graz_pediatric_wrist,D:\anvation\ml\data\bone fracture\images\2670_0968113062_01_WRI-R1_M013.png,2670_0968113062_01_WRI-R1_M013.png,graz_pt_2670,graz_study_2670_1,0,wrist,AP_PA,ao:unclassified,quarantined_ambiguous,quarantine
graz_pediatric_wrist,D:\anvation\ml\data\bone fracture\images\2670_0968113095_01_WRI-R2_M013.png,2670_0968113095_01_WRI-R2_M013.png,graz_pt_2670,graz_study_2670_1,0,wrist,LAT,ao:unclassified,quarantined_ambiguous,quarantine
graz_pediatric_wrist,D:\anvation\ml\data\bone fracture\images\2673_0725669898_01_WRI-L1_F009.png,2673_0725669898_01_WRI-L1_F009.png,graz_pt_2673,graz_study_2673_1,0,wrist,AP_PA,ao:unclassified,quarantined_ambiguous,quarantine
graz_pediatric_wrist,D:\anvation\ml\data\bone fracture\images\2673_0725669955_01_WRI-L2_F009.png,2673_0725669955_01_WRI-L2_F009.png,graz_pt_2673,graz_study_2673_1,0,wrist,LAT,ao:unclassified,quarantined_ambiguous,quarantine
graz_pediatric_wrist,D:\anvation\ml\data\bone fracture\images\2675_0181664736_01_WRI-R1_M013.png,2675_0181664736_01_WRI-R1_M013.png,graz_pt_2675,graz_study_2675_1,0,wrist,AP_PA,ao:unclassified,quarantined_ambiguous,quarantine
graz_pediatric_wrist,D:\anvation\ml\data\bone fracture\images\2675_0181664791_01_WRI-R2_M013.png,2675_0181664791_01_WRI-R2_M013.png,graz_pt_2675,graz_study_2675_1,0,wrist,LAT,ao:unclassified,quarantined_ambiguous,quarantine
graz_pediatric_wrist,D:\anvation\ml\data\bone fracture\images\2678_0476496298_01_WRI-L1_M011.png,2678_0476496298_01_WRI-L1_M011.png,graz_pt_2678,graz_study_2678_1,1,wrist,AP_PA,ao:23r-E/2.1,quarantined_ambiguous,quarantine
graz_pediatric_wrist,D:\anvation\ml\data\bone fracture\images\2678_0476496338_01_WRI-L2_M011.png,2678_0476496338_01_WRI-L2_M011.png,graz_pt_2678,graz_study_2678_1,1,wrist,LAT,ao:23r-E/2.1,quarantined_ambiguous,quarantine
graz_pediatric_wrist,D:\anvation\ml\data\bone fracture\images\2700_0972755675_01_WRI-R1_M013.png,2700_0972755675_01_WRI-R1_M013.png,graz_pt_2700,graz_study_2700_1,0,wrist,AP_PA,ao:unclassified,quarantined_ambiguous,quarantine
graz_pediatric_wrist,D:\anvation\ml\data\bone fracture\images\2700_0972755704_01_WRI-R2_M013.png,2700_0972755704_01_WRI-R2_M013.png,graz_pt_2700,graz_study_2700_1,0,wrist,LAT,ao:unclassified,quarantined_ambiguous,quarantine
graz_pediatric_wrist,D:\anvation\ml\data\bone fracture\images\2718_0650196074_01_WRI-L1_M011.png,2718_0650196074_01_WRI-L1_M011.png,graz_pt_2718,graz_study_2718_1,0,wrist,AP_PA,ao:23r-M/2.1,quarantined_ambiguous,quarantine
graz_pediatric_wrist,D:\anvation\ml\data\bone fracture\images\2718_0650196098_01_WRI-L2_M011.png,2718_0650196098_01_WRI-L2_M011.png,graz_pt_2718,graz_study_2718_1,1,wrist,LAT,ao:23r-M/2.1,quarantined_ambiguous,quarantine
graz_pediatric_wrist,D:\anvation\ml\data\bone fracture\images\2721_0556723442_01_WRI-R1_M012.png,2721_0556723442_01_WRI-R1_M012.png,graz_pt_2721,graz_study_2721_1,0,wrist,AP_PA,ao:unclassified,quarantined_ambiguous,quarantine
graz_pediatric_wrist,D:\anvation\ml\data\bone fracture\images\2721_0556723507_01_WRI-R2_M012.png,2721_0556723507_01_WRI-R2_M012.png,graz_pt_2721,graz_study_2721_1,0,wrist,LAT,ao:unclassified,quarantined_ambiguous,quarantine
graz_pediatric_wrist,D:\anvation\ml\data\bone fracture\images\2722_0609697838_01_WRI-R1_M013.png,2722_0609697838_01_WRI-R1_M013.png,graz_pt_2722,graz_study_2722_1,0,wrist,AP_PA,ao:unclassified,quarantined_ambiguous,quarantine
graz_pediatric_wrist,D:\anvation\ml\data\bone fracture\images\2722_0609697902_01_WRI-R2_M013.png,2722_0609697902_01_WRI-R2_M013.png,graz_pt_2722,graz_study_2722_1,0,wrist,LAT,ao:unclassified,quarantined_ambiguous,quarantine
graz_pediatric_wrist,D:\anvation\ml\data\bone fracture\images\2732_1155844576_01_WRI-R1_F010.png,2732_1155844576_01_WRI-R1_F010.png,graz_pt_2732,graz_study_2732_1,0,wrist,AP_PA,ao:unclassified,quarantined_ambiguous,quarantine
graz_pediatric_wrist,D:\anvation\ml\data\bone fracture\images\2735_1247482889_01_WRI-L1_M013.png,2735_1247482889_01_WRI-L1_M013.png,graz_pt_2735,graz_study_2735_1,0,wrist,AP_PA,ao:23r-M/3.1; 23u-E/7,quarantined_ambiguous,quarantine
graz_pediatric_wrist,D:\anvation\ml\data\bone fracture\images\2758_0965409258_01_WRI-L1_M010.png,2758_0965409258_01_WRI-L1_M010.png,graz_pt_2758,graz_study_2758_1,0,wrist,AP_PA,ao:23r-M/2.1,quarantined_ambiguous,quarantine
graz_pediatric_wrist,D:\anvation\ml\data\bone fracture\images\2758_0965409300_01_WRI-L2_M010.png,2758_0965409300_01_WRI-L2_M010.png,graz_pt_2758,graz_study_2758_1,1,wrist,LAT,ao:23r-M/2.1,quarantined_ambiguous,quarantine
graz_pediatric_wrist,D:\anvation\ml\data\bone fracture\images\2822_0516653608_01_WRI-R1_M000.png,2822_0516653608_01_WRI-R1_M000.png,graz_pt_2822,graz_study_2822_1,0,wrist,AP_PA,ao:unclassified,quarantined_ambiguous,quarantine
graz_pediatric_wrist,D:\anvation\ml\data\bone fracture\images\2822_0516653645_01_WRI-R2_M000.png,2822_0516653645_01_WRI-R2_M000.png,graz_pt_2822,graz_study_2822_1,0,wrist,LAT,ao:unclassified,quarantined_ambiguous,quarantine
graz_pediatric_wrist,D:\anvation\ml\data\bone fracture\images\2872_1123606277_01_WRI-R1_F013.png,2872_1123606277_01_WRI-R1_F013.png,graz_pt_2872,graz_study_2872_1,0,wrist,AP_PA,ao:23r-M/2.1,quarantined_ambiguous,quarantine
graz_pediatric_wrist,D:\anvation\ml\data\bone fracture\images\2872_1123606320_01_WRI-R2_F013.png,2872_1123606320_01_WRI-R2_F013.png,graz_pt_2872,graz_study_2872_1,1,wrist,LAT,ao:23r-M/2.1,quarantined_ambiguous,quarantine
graz_pediatric_wrist,D:\anvation\ml\data\bone fracture\images\2878_0717866034_01_WRI-R1_F005.png,2878_0717866034_01_WRI-R1_F005.png,graz_pt_2878,graz_study_2878_1,0,wrist,AP_PA,ao:unclassified,quarantined_ambiguous,quarantine
graz_pediatric_wrist,D:\anvation\ml\data\bone fracture\images\2878_0717866069_01_WRI-R2_F005.png,2878_0717866069_01_WRI-R2_F005.png,graz_pt_2878,graz_study_2878_1,0,wrist,LAT,ao:unclassified,quarantined_ambiguous,quarantine
graz_pediatric_wrist,D:\anvation\ml\data\bone fracture\images\2900_0914013331_01_WRI-L1_M013.png,2900_0914013331_01_WRI-L1_M013.png,graz_pt_2900,graz_study_2900_1,0,wrist,AP_PA,ao:unclassified,quarantined_ambiguous,quarantine
graz_pediatric_wrist,D:\anvation\ml\data\bone fracture\images\2900_0914013377_01_WRI-L2_M013.png,2900_0914013377_01_WRI-L2_M013.png,graz_pt_2900,graz_study_2900_1,0,wrist,LAT,ao:unclassified,quarantined_ambiguous,quarantine
graz_pediatric_wrist,D:\anvation\ml\data\bone fracture\images\2912_0127107596_01_WRI-R1_M013.png,2912_0127107596_01_WRI-R1_M013.png,graz_pt_2912,graz_study_2912_1,0,wrist,AP_PA,ao:23r-E/1,quarantined_ambiguous,quarantine
graz_pediatric_wrist,D:\anvation\ml\data\bone fracture\images\2912_0127107637_01_WRI-R2_M013.png,2912_0127107637_01_WRI-R2_M013.png,graz_pt_2912,graz_study_2912_1,0,wrist,LAT,ao:23r-E/1,quarantined_ambiguous,quarantine
graz_pediatric_wrist,D:\anvation\ml\data\bone fracture\images\2923_0326331750_01_WRI-L1_M008.png,2923_0326331750_01_WRI-L1_M008.png,graz_pt_2923,graz_study_2923_1,0,wrist,AP_PA,ao:unclassified,quarantined_ambiguous,quarantine
graz_pediatric_wrist,D:\anvation\ml\data\bone fracture\images\2923_0326331778_01_WRI-L2_M008.png,2923_0326331778_01_WRI-L2_M008.png,graz_pt_2923,graz_study_2923_1,0,wrist,LAT,ao:unclassified,quarantined_ambiguous,quarantine
graz_pediatric_wrist,D:\anvation\ml\data\bone fracture\images\2952_1048995140_01_WRI-R1_M011.png,2952_1048995140_01_WRI-R1_M011.png,graz_pt_2952,graz_study_2952_1,0,wrist,AP_PA,ao:unclassified,quarantined_ambiguous,quarantine
graz_pediatric_wrist,D:\anvation\ml\data\bone fracture\images\2952_1048995158_01_WRI-R2_M011.png,2952_1048995158_01_WRI-R2_M011.png,graz_pt_2952,graz_study_2952_1,0,wrist,LAT,ao:unclassified,quarantined_ambiguous,quarantine
graz_pediatric_wrist,D:\anvation\ml\data\bone fracture\images\2982_1089708933_01_WRI-L1_M010.png,2982_1089708933_01_WRI-L1_M010.png,graz_pt_2982,graz_study_2982_1,0,wrist,AP_PA,ao:23r-E/2.1,quarantined_ambiguous,quarantine
graz_pediatric_wrist,D:\anvation\ml\data\bone fracture\images\2982_1089708966_01_WRI-L2_M010.png,2982_1089708966_01_WRI-L2_M010.png,graz_pt_2982,graz_study_2982_1,1,wrist,LAT,ao:23r-E/2.1,quarantined_ambiguous,quarantine
graz_pediatric_wrist,D:\anvation\ml\data\bone fracture\images\2984_0519658389_01_WRI-R2_M013.png,2984_0519658389_01_WRI-R2_M013.png,graz_pt_2984,graz_study_2984_1,1,wrist,LAT,ao:23r-M/2.1,quarantined_ambiguous,quarantine
graz_pediatric_wrist,D:\anvation\ml\data\bone fracture\images\3059_0667205270_01_WRI-R1_M009.png,3059_0667205270_01_WRI-R1_M009.png,graz_pt_3059,graz_study_3059_1,0,wrist,AP_PA,ao:23r-M/2.1,quarantined_ambiguous,quarantine
graz_pediatric_wrist,D:\anvation\ml\data\bone fracture\images\3059_0667205299_01_WRI-R2_M009.png,3059_0667205299_01_WRI-R2_M009.png,graz_pt_3059,graz_study_3059_1,1,wrist,LAT,ao:23r-M/2.1,quarantined_ambiguous,quarantine
graz_pediatric_wrist,D:\anvation\ml\data\bone fracture\images\3076_0638601405_02_WRI-L1_F010.png,3076_0638601405_02_WRI-L1_F010.png,graz_pt_3076,graz_study_3076_2,0,wrist,AP_PA,ao:unclassified,quarantined_ambiguous,quarantine
graz_pediatric_wrist,D:\anvation\ml\data\bone fracture\images\3076_0638601452_02_WRI-L2_F010.png,3076_0638601452_02_WRI-L2_F010.png,graz_pt_3076,graz_study_3076_2,0,wrist,LAT,ao:unclassified,quarantined_ambiguous,quarantine
graz_pediatric_wrist,D:\anvation\ml\data\bone fracture\images\3095_0947141180_01_WRI-R1_F002.png,3095_0947141180_01_WRI-R1_F002.png,graz_pt_3095,graz_study_3095_1,0,wrist,AP_PA,ao:unclassified,quarantined_ambiguous,quarantine
graz_pediatric_wrist,D:\anvation\ml\data\bone fracture\images\3095_0947141209_01_WRI-R2_F002.png,3095_0947141209_01_WRI-R2_F002.png,graz_pt_3095,graz_study_3095_1,0,wrist,LAT,ao:unclassified,quarantined_ambiguous,quarantine
graz_pediatric_wrist,D:\anvation\ml\data\bone fracture\images\3104_0728873284_01_WRI-L1_F013.png,3104_0728873284_01_WRI-L1_F013.png,graz_pt_3104,graz_study_3104_1,1,wrist,AP_PA,ao:unclassified,quarantined_ambiguous,quarantine
graz_pediatric_wrist,D:\anvation\ml\data\bone fracture\images\3104_0728873325_01_WRI-L2_F013.png,3104_0728873325_01_WRI-L2_F013.png,graz_pt_3104,graz_study_3104_1,1,wrist,LAT,ao:unclassified,quarantined_ambiguous,quarantine
graz_pediatric_wrist,D:\anvation\ml\data\bone fracture\images\3113_0833838098_02_WRI-R1_F016.png,3113_0833838098_02_WRI-R1_F016.png,graz_pt_3113,graz_study_3113_2,0,wrist,AP_PA,ao:unclassified,quarantined_ambiguous,quarantine
graz_pediatric_wrist,D:\anvation\ml\data\bone fracture\images\3113_0833838148_02_WRI-R2_F016.png,3113_0833838148_02_WRI-R2_F016.png,graz_pt_3113,graz_study_3113_2,0,wrist,LAT,ao:unclassified,quarantined_ambiguous,quarantine
graz_pediatric_wrist,D:\anvation\ml\data\bone fracture\images\3124_0646862621_01_WRI-L1_M011.png,3124_0646862621_01_WRI-L1_M011.png,graz_pt_3124,graz_study_3124_1,0,wrist,AP_PA,ao:23r-M/2.1,quarantined_ambiguous,quarantine
graz_pediatric_wrist,D:\anvation\ml\data\bone fracture\images\3124_0646862650_01_WRI-L2_M011.png,3124_0646862650_01_WRI-L2_M011.png,graz_pt_3124,graz_study_3124_1,1,wrist,LAT,ao:23r-M/2.1,quarantined_ambiguous,quarantine
graz_pediatric_wrist,D:\anvation\ml\data\bone fracture\images\3136_0339818046_01_WRI-R1_F012.png,3136_0339818046_01_WRI-R1_F012.png,graz_pt_3136,graz_study_3136_1,0,wrist,AP_PA,ao:unclassified,quarantined_ambiguous,quarantine
graz_pediatric_wrist,D:\anvation\ml\data\bone fracture\images\3136_0339818081_01_WRI-R2_F012.png,3136_0339818081_01_WRI-R2_F012.png,graz_pt_3136,graz_study_3136_1,0,wrist,LAT,ao:unclassified,quarantined_ambiguous,quarantine
graz_pediatric_wrist,D:\anvation\ml\data\bone fracture\images\3144_0515491673_01_WRI-R1_M012.png,3144_0515491673_01_WRI-R1_M012.png,graz_pt_3144,graz_study_3144_1,0,wrist,AP_PA,ao:23r-E/1,quarantined_ambiguous,quarantine
graz_pediatric_wrist,D:\anvation\ml\data\bone fracture\images\3144_0515491852_01_WRI-R2_M012.png,3144_0515491852_01_WRI-R2_M012.png,graz_pt_3144,graz_study_3144_1,0,wrist,LAT,ao:23r-E/1,quarantined_ambiguous,quarantine
graz_pediatric_wrist,D:\anvation\ml\data\bone fracture\images\3184_0965838421_01_WRI-R1_M018.png,3184_0965838421_01_WRI-R1_M018.png,graz_pt_3184,graz_study_3184_1,0,wrist,AP_PA,ao:unclassified,quarantined_ambiguous,quarantine
graz_pediatric_wrist,D:\anvation\ml\data\bone fracture\images\3184_0965838468_01_WRI-R2_M018.png,3184_0965838468_01_WRI-R2_M018.png,graz_pt_3184,graz_study_3184_1,0,wrist,LAT,ao:unclassified,quarantined_ambiguous,quarantine
graz_pediatric_wrist,D:\anvation\ml\data\bone fracture\images\3184_0972489056_02_WRI-R1_M018.png,3184_0972489056_02_WRI-R1_M018.png,graz_pt_3184,graz_study_3184_2,0,wrist,AP_PA,ao:unclassified,quarantined_ambiguous,quarantine
graz_pediatric_wrist,D:\anvation\ml\data\bone fracture\images\3184_0972489124_02_WRI-R2_M018.png,3184_0972489124_02_WRI-R2_M018.png,graz_pt_3184,graz_study_3184_2,0,wrist,LAT,ao:unclassified,quarantined_ambiguous,quarantine
graz_pediatric_wrist,D:\anvation\ml\data\bone fracture\images\3184_0974992744_03_WRI-R1_M018.png,3184_0974992744_03_WRI-R1_M018.png,graz_pt_3184,graz_study_3184_3,0,wrist,AP_PA,ao:unclassified,quarantined_ambiguous,quarantine
graz_pediatric_wrist,D:\anvation\ml\data\bone fracture\images\3184_0974992778_03_WRI-R2_M018.png,3184_0974992778_03_WRI-R2_M018.png,graz_pt_3184,graz_study_3184_3,0,wrist,LAT,ao:unclassified,quarantined_ambiguous,quarantine
graz_pediatric_wrist,D:\anvation\ml\data\bone fracture\images\3188_0599019918_01_WRI-R1_F011.png,3188_0599019918_01_WRI-R1_F011.png,graz_pt_3188,graz_study_3188_1,0,wrist,AP_PA,ao:unclassified,quarantined_ambiguous,quarantine
graz_pediatric_wrist,D:\anvation\ml\data\bone fracture\images\3188_0599019942_01_WRI-R2_F011.png,3188_0599019942_01_WRI-R2_F011.png,graz_pt_3188,graz_study_3188_1,0,wrist,LAT,ao:unclassified,quarantined_ambiguous,quarantine
graz_pediatric_wrist,D:\anvation\ml\data\bone fracture\images\3193_0845561514_01_WRI-R1_M011.png,3193_0845561514_01_WRI-R1_M011.png,graz_pt_3193,graz_study_3193_1,0,wrist,AP_PA,ao:unclassified,quarantined_ambiguous,quarantine
graz_pediatric_wrist,D:\anvation\ml\data\bone fracture\images\3193_0845561542_01_WRI-R2_M011.png,3193_0845561542_01_WRI-R2_M011.png,graz_pt_3193,graz_study_3193_1,0,wrist,LAT,ao:unclassified,quarantined_ambiguous,quarantine
graz_pediatric_wrist,D:\anvation\ml\data\bone fracture\images\3204_0932592194_01_WRI-R1_F016.png,3204_0932592194_01_WRI-R1_F016.png,graz_pt_3204,graz_study_3204_1,0,wrist,AP_PA,ao:23r-M/2.1,quarantined_ambiguous,quarantine
graz_pediatric_wrist,D:\anvation\ml\data\bone fracture\images\3204_0932592230_01_WRI-R2_F016.png,3204_0932592230_01_WRI-R2_F016.png,graz_pt_3204,graz_study_3204_1,1,wrist,LAT,ao:23r-M/2.1,quarantined_ambiguous,quarantine
graz_pediatric_wrist,D:\anvation\ml\data\bone fracture\images\3204_0934391808_02_WRI-R1_F016.png,3204_0934391808_02_WRI-R1_F016.png,graz_pt_3204,graz_study_3204_2,0,wrist,AP_PA,ao:23r-M/2.1,quarantined_ambiguous,quarantine
graz_pediatric_wrist,D:\anvation\ml\data\bone fracture\images\3204_0934391836_02_WRI-R2_F016.png,3204_0934391836_02_WRI-R2_F016.png,graz_pt_3204,graz_study_3204_2,1,wrist,LAT,ao:23r-M/2.1,quarantined_ambiguous,quarantine
graz_pediatric_wrist,D:\anvation\ml\data\bone fracture\images\3214_0312938224_01_WRI-R1_M013.png,3214_0312938224_01_WRI-R1_M013.png,graz_pt_3214,graz_study_3214_1,0,wrist,AP_PA,ao:23r-E/1 ,quarantined_ambiguous,quarantine
graz_pediatric_wrist,D:\anvation\ml\data\bone fracture\images\3214_0312938265_01_WRI-R2_M013.png,3214_0312938265_01_WRI-R2_M013.png,graz_pt_3214,graz_study_3214_1,0,wrist,LAT,ao:23r-E/1 ,quarantined_ambiguous,quarantine
graz_pediatric_wrist,D:\anvation\ml\data\bone fracture\images\3219_0987993216_02_WRI-R1_F012.png,3219_0987993216_02_WRI-R1_F012.png,graz_pt_3219,graz_study_3219_2,0,wrist,AP_PA,ao:unclassified,quarantined_ambiguous,quarantine
graz_pediatric_wrist,D:\anvation\ml\data\bone fracture\images\3219_0987993252_02_WRI-R2_F012.png,3219_0987993252_02_WRI-R2_F012.png,graz_pt_3219,graz_study_3219_2,0,wrist,LAT,ao:unclassified,quarantined_ambiguous,quarantine
graz_pediatric_wrist,D:\anvation\ml\data\bone fracture\images\3220_1090928399_01_WRI-R2_M017.png,3220_1090928399_01_WRI-R2_M017.png,graz_pt_3220,graz_study_3220_1,0,wrist,LAT,ao:unclassified,quarantined_ambiguous,quarantine
graz_pediatric_wrist,D:\anvation\ml\data\bone fracture\images\3259_1175307148_01_WRI-L1_F014.png,3259_1175307148_01_WRI-L1_F014.png,graz_pt_3259,graz_study_3259_1,0,wrist,AP_PA,ao:23r-M/2.1,quarantined_ambiguous,quarantine
graz_pediatric_wrist,D:\anvation\ml\data\bone fracture\images\3259_1175307179_01_WRI-L2_F014.png,3259_1175307179_01_WRI-L2_F014.png,graz_pt_3259,graz_study_3259_1,1,wrist,LAT,ao:23r-M/2.1,quarantined_ambiguous,quarantine
graz_pediatric_wrist,D:\anvation\ml\data\bone fracture\images\3268_0072449959_01_WRI-R1_F011.png,3268_0072449959_01_WRI-R1_F011.png,graz_pt_3268,graz_study_3268_1,0,wrist,AP_PA,ao:23r-M/2.1,quarantined_ambiguous,quarantine
graz_pediatric_wrist,D:\anvation\ml\data\bone fracture\images\3268_0072450016_02_WRI-R2_F011.png,3268_0072450016_02_WRI-R2_F011.png,graz_pt_3268,graz_study_3268_2,1,wrist,LAT,ao:23r-M/2.1,quarantined_ambiguous,quarantine
graz_pediatric_wrist,D:\anvation\ml\data\bone fracture\images\3272_0406260513_01_WRI-L1_M015.png,3272_0406260513_01_WRI-L1_M015.png,graz_pt_3272,graz_study_3272_1,0,wrist,AP_PA,ao:unclassified,quarantined_ambiguous,quarantine
graz_pediatric_wrist,D:\anvation\ml\data\bone fracture\images\3272_0406260531_01_WRI-L2_M015.png,3272_0406260531_01_WRI-L2_M015.png,graz_pt_3272,graz_study_3272_1,0,wrist,LAT,ao:unclassified,quarantined_ambiguous,quarantine
graz_pediatric_wrist,D:\anvation\ml\data\bone fracture\images\3291_0932641331_01_WRI-R1_F010.png,3291_0932641331_01_WRI-R1_F010.png,graz_pt_3291,graz_study_3291_1,0,wrist,AP_PA,ao:unclassified,quarantined_ambiguous,quarantine
graz_pediatric_wrist,D:\anvation\ml\data\bone fracture\images\3291_0932641348_01_WRI-R2_F010.png,3291_0932641348_01_WRI-R2_F010.png,graz_pt_3291,graz_study_3291_1,0,wrist,LAT,ao:unclassified,quarantined_ambiguous,quarantine
graz_pediatric_wrist,D:\anvation\ml\data\bone fracture\images\3315_0353353565_01_WRI-R1_M012.png,3315_0353353565_01_WRI-R1_M012.png,graz_pt_3315,graz_study_3315_1,1,wrist,AP_PA,ao:23r-M/2.1,quarantined_ambiguous,quarantine
graz_pediatric_wrist,D:\anvation\ml\data\bone fracture\images\3315_0353353651_01_WRI-R2_M012.png,3315_0353353651_01_WRI-R2_M012.png,graz_pt_3315,graz_study_3315_1,1,wrist,LAT,ao:23r-M/2.1,quarantined_ambiguous,quarantine
graz_pediatric_wrist,D:\anvation\ml\data\bone fracture\images\3331_0913624231_01_WRI-R1_M011.png,3331_0913624231_01_WRI-R1_M011.png,graz_pt_3331,graz_study_3331_1,0,wrist,AP_PA,ao:unclassified,quarantined_ambiguous,quarantine
graz_pediatric_wrist,D:\anvation\ml\data\bone fracture\images\3331_0913624270_01_WRI-R2_M011.png,3331_0913624270_01_WRI-R2_M011.png,graz_pt_3331,graz_study_3331_1,0,wrist,LAT,ao:unclassified,quarantined_ambiguous,quarantine
graz_pediatric_wrist,D:\anvation\ml\data\bone fracture\images\3339_0423516434_01_WRI-L1_M008.png,3339_0423516434_01_WRI-L1_M008.png,graz_pt_3339,graz_study_3339_1,0,wrist,AP_PA,ao:unclassified,quarantined_ambiguous,quarantine
graz_pediatric_wrist,D:\anvation\ml\data\bone fracture\images\3339_0423516458_01_WRI-L2_M008.png,3339_0423516458_01_WRI-L2_M008.png,graz_pt_3339,graz_study_3339_1,0,wrist,LAT,ao:unclassified,quarantined_ambiguous,quarantine
graz_pediatric_wrist,D:\anvation\ml\data\bone fracture\images\3347_0355495248_01_WRI-R1_M011.png,3347_0355495248_01_WRI-R1_M011.png,graz_pt_3347,graz_study_3347_1,0,wrist,AP_PA,ao:unclassified,quarantined_ambiguous,quarantine
graz_pediatric_wrist,D:\anvation\ml\data\bone fracture\images\3347_0355495292_01_WRI-R2_M011.png,3347_0355495292_01_WRI-R2_M011.png,graz_pt_3347,graz_study_3347_1,0,wrist,LAT,ao:unclassified,quarantined_ambiguous,quarantine
graz_pediatric_wrist,D:\anvation\ml\data\bone fracture\images\3367_0761149650_01_WRI-R1_F001.png,3367_0761149650_01_WRI-R1_F001.png,graz_pt_3367,graz_study_3367_1,0,wrist,AP_PA,ao:unclassified,quarantined_ambiguous,quarantine
graz_pediatric_wrist,D:\anvation\ml\data\bone fracture\images\3367_0761149701_01_WRI-R2_F001.png,3367_0761149701_01_WRI-R2_F001.png,graz_pt_3367,graz_study_3367_1,0,wrist,LAT,ao:unclassified,quarantined_ambiguous,quarantine
graz_pediatric_wrist,D:\anvation\ml\data\bone fracture\images\3376_0454004108_01_WRI-L1_F013.png,3376_0454004108_01_WRI-L1_F013.png,graz_pt_3376,graz_study_3376_1,0,wrist,AP_PA,ao:23r-M/2.1,quarantined_ambiguous,quarantine
graz_pediatric_wrist,D:\anvation\ml\data\bone fracture\images\3376_0454004145_01_WRI-L2_F013.png,3376_0454004145_01_WRI-L2_F013.png,graz_pt_3376,graz_study_3376_1,1,wrist,LAT,ao:23r-M/2.1,quarantined_ambiguous,quarantine
graz_pediatric_wrist,D:\anvation\ml\data\bone fracture\images\3382_0441012114_01_WRI-R2_F010.png,3382_0441012114_01_WRI-R2_F010.png,graz_pt_3382,graz_study_3382_1,0,wrist,LAT,ao:unclassified,quarantined_ambiguous,quarantine
graz_pediatric_wrist,D:\anvation\ml\data\bone fracture\images\3388_0789585207_01_WRI-R1_M008.png,3388_0789585207_01_WRI-R1_M008.png,graz_pt_3388,graz_study_3388_1,0,wrist,AP_PA,ao:23r-M/2.1,quarantined_ambiguous,quarantine
graz_pediatric_wrist,D:\anvation\ml\data\bone fracture\images\3388_0789585247_01_WRI-R2_M008.png,3388_0789585247_01_WRI-R2_M008.png,graz_pt_3388,graz_study_3388_1,1,wrist,LAT,ao:23r-M/2.1,quarantined_ambiguous,quarantine
graz_pediatric_wrist,D:\anvation\ml\data\bone fracture\images\3394_0471337485_01_WRI-R1_M012.png,3394_0471337485_01_WRI-R1_M012.png,graz_pt_3394,graz_study_3394_1,0,wrist,AP_PA,ao:unclassified,quarantined_ambiguous,quarantine
graz_pediatric_wrist,D:\anvation\ml\data\bone fracture\images\3394_0471337563_01_WRI-R2_M012.png,3394_0471337563_01_WRI-R2_M012.png,graz_pt_3394,graz_study_3394_1,0,wrist,LAT,ao:unclassified,quarantined_ambiguous,quarantine
graz_pediatric_wrist,D:\anvation\ml\data\bone fracture\images\3401_0262865932_01_WRI-R1_M009.png,3401_0262865932_01_WRI-R1_M009.png,graz_pt_3401,graz_study_3401_1,0,wrist,AP_PA,ao:23r-M/2.1,quarantined_ambiguous,quarantine
graz_pediatric_wrist,D:\anvation\ml\data\bone fracture\images\3401_0262865966_01_WRI-R2_M009.png,3401_0262865966_01_WRI-R2_M009.png,graz_pt_3401,graz_study_3401_1,1,wrist,LAT,ao:23r-M/2.1,quarantined_ambiguous,quarantine
graz_pediatric_wrist,D:\anvation\ml\data\bone fracture\images\3406_0328594733_01_WRI-L1_M013.png,3406_0328594733_01_WRI-L1_M013.png,graz_pt_3406,graz_study_3406_1,0,wrist,AP_PA,ao:unclassified,quarantined_ambiguous,quarantine
graz_pediatric_wrist,D:\anvation\ml\data\bone fracture\images\3406_0328594805_01_WRI-L2_M013.png,3406_0328594805_01_WRI-L2_M013.png,graz_pt_3406,graz_study_3406_1,0,wrist,LAT,ao:unclassified,quarantined_ambiguous,quarantine
graz_pediatric_wrist,D:\anvation\ml\data\bone fracture\images\3418_0213061807_01_WRI-R1_M011.png,3418_0213061807_01_WRI-R1_M011.png,graz_pt_3418,graz_study_3418_1,0,wrist,AP_PA,ao:unclassified,quarantined_ambiguous,quarantine
graz_pediatric_wrist,D:\anvation\ml\data\bone fracture\images\3418_0213061858_01_WRI-R2_M011.png,3418_0213061858_01_WRI-R2_M011.png,graz_pt_3418,graz_study_3418_1,0,wrist,LAT,ao:unclassified,quarantined_ambiguous,quarantine
graz_pediatric_wrist,D:\anvation\ml\data\bone fracture\images\3449_0631201051_01_WRI-R1_M017.png,3449_0631201051_01_WRI-R1_M017.png,graz_pt_3449,graz_study_3449_1,0,wrist,AP_PA,ao:23r-M/2.1,quarantined_ambiguous,quarantine
graz_pediatric_wrist,D:\anvation\ml\data\bone fracture\images\3449_0631201086_01_WRI-R2_M017.png,3449_0631201086_01_WRI-R2_M017.png,graz_pt_3449,graz_study_3449_1,1,wrist,LAT,ao:23r-M/2.1,quarantined_ambiguous,quarantine
graz_pediatric_wrist,D:\anvation\ml\data\bone fracture\images\3459_0685217892_01_WRI-R1_F010.png,3459_0685217892_01_WRI-R1_F010.png,graz_pt_3459,graz_study_3459_1,0,wrist,AP_PA,ao:unclassified,quarantined_ambiguous,quarantine
graz_pediatric_wrist,D:\anvation\ml\data\bone fracture\images\3459_0685217918_01_WRI-R2_F010.png,3459_0685217918_01_WRI-R2_F010.png,graz_pt_3459,graz_study_3459_1,0,wrist,LAT,ao:unclassified,quarantined_ambiguous,quarantine
graz_pediatric_wrist,D:\anvation\ml\data\bone fracture\images\3470_0915835932_01_WRI-L1_M015.png,3470_0915835932_01_WRI-L1_M015.png,graz_pt_3470,graz_study_3470_1,0,wrist,AP_PA,ao:23r-M/2.1,quarantined_ambiguous,quarantine
graz_pediatric_wrist,D:\anvation\ml\data\bone fracture\images\3470_0915835970_01_WRI-L2_M015.png,3470_0915835970_01_WRI-L2_M015.png,graz_pt_3470,graz_study_3470_1,1,wrist,LAT,ao:23r-M/2.1,quarantined_ambiguous,quarantine
graz_pediatric_wrist,D:\anvation\ml\data\bone fracture\images\3481_0436134408_01_WRI-R1_M013.png,3481_0436134408_01_WRI-R1_M013.png,graz_pt_3481,graz_study_3481_1,0,wrist,AP_PA,ao:unclassified,quarantined_ambiguous,quarantine
graz_pediatric_wrist,D:\anvation\ml\data\bone fracture\images\3481_0436134443_01_WRI-R2_M013.png,3481_0436134443_01_WRI-R2_M013.png,graz_pt_3481,graz_study_3481_1,0,wrist,LAT,ao:unclassified,quarantined_ambiguous,quarantine
graz_pediatric_wrist,D:\anvation\ml\data\bone fracture\images\3485_0969173610_01_WRI-L2_F010.png,3485_0969173610_01_WRI-L2_F010.png,graz_pt_3485,graz_study_3485_1,0,wrist,LAT,ao:unclassified,quarantined_ambiguous,quarantine
graz_pediatric_wrist,D:\anvation\ml\data\bone fracture\images\3491_0532892376_01_WRI-R1_M007.png,3491_0532892376_01_WRI-R1_M007.png,graz_pt_3491,graz_study_3491_1,0,wrist,AP_PA,ao:unclassified,quarantined_ambiguous,quarantine
graz_pediatric_wrist,D:\anvation\ml\data\bone fracture\images\3491_0532892410_01_WRI-R2_M007.png,3491_0532892410_01_WRI-R2_M007.png,graz_pt_3491,graz_study_3491_1,0,wrist,LAT,ao:unclassified,quarantined_ambiguous,quarantine
graz_pediatric_wrist,D:\anvation\ml\data\bone fracture\images\3496_0965453091_01_WRI-L1_M003.png,3496_0965453091_01_WRI-L1_M003.png,graz_pt_3496,graz_study_3496_1,0,wrist,AP_PA,ao:unclassified,quarantined_ambiguous,quarantine
graz_pediatric_wrist,D:\anvation\ml\data\bone fracture\images\3496_0965453159_01_WRI-L2_M003.png,3496_0965453159_01_WRI-L2_M003.png,graz_pt_3496,graz_study_3496_1,0,wrist,LAT,ao:unclassified,quarantined_ambiguous,quarantine
graz_pediatric_wrist,D:\anvation\ml\data\bone fracture\images\3512_0225185339_01_WRI-R1_M016.png,3512_0225185339_01_WRI-R1_M016.png,graz_pt_3512,graz_study_3512_1,0,wrist,AP_PA,ao:unclassified,quarantined_ambiguous,quarantine
graz_pediatric_wrist,D:\anvation\ml\data\bone fracture\images\3512_0225185388_01_WRI-R2_M016.png,3512_0225185388_01_WRI-R2_M016.png,graz_pt_3512,graz_study_3512_1,0,wrist,LAT,ao:unclassified,quarantined_ambiguous,quarantine
graz_pediatric_wrist,D:\anvation\ml\data\bone fracture\images\3516_1219492632_01_WRI-L1_F014.png,3516_1219492632_01_WRI-L1_F014.png,graz_pt_3516,graz_study_3516_1,0,wrist,AP_PA,ao:23r-M/2.1,quarantined_ambiguous,quarantine
graz_pediatric_wrist,D:\anvation\ml\data\bone fracture\images\3516_1219492663_01_WRI-L2_F014.png,3516_1219492663_01_WRI-L2_F014.png,graz_pt_3516,graz_study_3516_1,1,wrist,LAT,ao:23r-M/2.1,quarantined_ambiguous,quarantine
graz_pediatric_wrist,D:\anvation\ml\data\bone fracture\images\3528_1158935745_01_WRI-R1_F013.png,3528_1158935745_01_WRI-R1_F013.png,graz_pt_3528,graz_study_3528_1,0,wrist,AP_PA,ao:unclassified,quarantined_ambiguous,quarantine
graz_pediatric_wrist,D:\anvation\ml\data\bone fracture\images\3528_1158935787_01_WRI-R2_F013.png,3528_1158935787_01_WRI-R2_F013.png,graz_pt_3528,graz_study_3528_1,0,wrist,LAT,ao:unclassified,quarantined_ambiguous,quarantine
graz_pediatric_wrist,D:\anvation\ml\data\bone fracture\images\3619_1191149067_01_WRI-R1_F007.png,3619_1191149067_01_WRI-R1_F007.png,graz_pt_3619,graz_study_3619_1,0,wrist,AP_PA,ao:23r-M/2.1,quarantined_ambiguous,quarantine
graz_pediatric_wrist,D:\anvation\ml\data\bone fracture\images\3619_1191149106_01_WRI-R2_F007.png,3619_1191149106_01_WRI-R2_F007.png,graz_pt_3619,graz_study_3619_1,1,wrist,LAT,ao:23r-M/2.1,quarantined_ambiguous,quarantine
graz_pediatric_wrist,D:\anvation\ml\data\bone fracture\images\3652_0963092988_01_WRI-R1_M013.png,3652_0963092988_01_WRI-R1_M013.png,graz_pt_3652,graz_study_3652_1,0,wrist,AP_PA,ao:unclassified,quarantined_ambiguous,quarantine
graz_pediatric_wrist,D:\anvation\ml\data\bone fracture\images\3652_0963093008_02_WRI-R2_M013.png,3652_0963093008_02_WRI-R2_M013.png,graz_pt_3652,graz_study_3652_2,0,wrist,LAT,ao:unclassified,quarantined_ambiguous,quarantine
graz_pediatric_wrist,D:\anvation\ml\data\bone fracture\images\3684_0645289554_01_WRI-L1_M014.png,3684_0645289554_01_WRI-L1_M014.png,graz_pt_3684,graz_study_3684_1,0,wrist,AP_PA,ao:unclassified,quarantined_ambiguous,quarantine
graz_pediatric_wrist,D:\anvation\ml\data\bone fracture\images\3684_0645289581_01_WRI-L2_M014.png,3684_0645289581_01_WRI-L2_M014.png,graz_pt_3684,graz_study_3684_1,0,wrist,LAT,ao:unclassified,quarantined_ambiguous,quarantine
graz_pediatric_wrist,D:\anvation\ml\data\bone fracture\images\3686_1050162400_01_WRI-L1_M012.png,3686_1050162400_01_WRI-L1_M012.png,graz_pt_3686,graz_study_3686_1,0,wrist,AP_PA,ao:unclassified,quarantined_ambiguous,quarantine
graz_pediatric_wrist,D:\anvation\ml\data\bone fracture\images\3686_1050162429_01_WRI-L2_M012.png,3686_1050162429_01_WRI-L2_M012.png,graz_pt_3686,graz_study_3686_1,0,wrist,LAT,ao:unclassified,quarantined_ambiguous,quarantine
graz_pediatric_wrist,D:\anvation\ml\data\bone fracture\images\3712_1227338245_01_WRI-R1_F009.png,3712_1227338245_01_WRI-R1_F009.png,graz_pt_3712,graz_study_3712_1,0,wrist,AP_PA,ao:unclassified,quarantined_ambiguous,quarantine
graz_pediatric_wrist,D:\anvation\ml\data\bone fracture\images\3712_1227338335_01_WRI-R2_F009.png,3712_1227338335_01_WRI-R2_F009.png,graz_pt_3712,graz_study_3712_1,0,wrist,LAT,ao:unclassified,quarantined_ambiguous,quarantine
graz_pediatric_wrist,D:\anvation\ml\data\bone fracture\images\3715_0566244274_04_WRI-R1_M010.png,3715_0566244274_04_WRI-R1_M010.png,graz_pt_3715,graz_study_3715_4,0,wrist,AP_PA,ao:23r-M/2.1,quarantined_ambiguous,quarantine
graz_pediatric_wrist,D:\anvation\ml\data\bone fracture\images\3715_0566244306_04_WRI-R2_M010.png,3715_0566244306_04_WRI-R2_M010.png,graz_pt_3715,graz_study_3715_4,1,wrist,LAT,ao:23r-M/2.1,quarantined_ambiguous,quarantine
graz_pediatric_wrist,D:\anvation\ml\data\bone fracture\images\3716_0495983276_01_WRI-R1_M001.png,3716_0495983276_01_WRI-R1_M001.png,graz_pt_3716,graz_study_3716_1,0,wrist,AP_PA,ao:unclassified,quarantined_ambiguous,quarantine
graz_pediatric_wrist,D:\anvation\ml\data\bone fracture\images\3716_0495983315_01_WRI-R2_M001.png,3716_0495983315_01_WRI-R2_M001.png,graz_pt_3716,graz_study_3716_1,0,wrist,LAT,ao:unclassified,quarantined_ambiguous,quarantine
graz_pediatric_wrist,D:\anvation\ml\data\bone fracture\images\3751_0520156795_01_WRI-R1_M014.png,3751_0520156795_01_WRI-R1_M014.png,graz_pt_3751,graz_study_3751_1,0,wrist,AP_PA,ao:unclassified,quarantined_ambiguous,quarantine
graz_pediatric_wrist,D:\anvation\ml\data\bone fracture\images\3751_0520156828_01_WRI-R2_M014.png,3751_0520156828_01_WRI-R2_M014.png,graz_pt_3751,graz_study_3751_1,0,wrist,LAT,ao:unclassified,quarantined_ambiguous,quarantine
graz_pediatric_wrist,D:\anvation\ml\data\bone fracture\images\3847_0386623988_01_WRI-L1_M009.png,3847_0386623988_01_WRI-L1_M009.png,graz_pt_3847,graz_study_3847_1,0,wrist,AP_PA,ao:unclassified,quarantined_ambiguous,quarantine
graz_pediatric_wrist,D:\anvation\ml\data\bone fracture\images\3847_0386624014_02_WRI-L2_M009.png,3847_0386624014_02_WRI-L2_M009.png,graz_pt_3847,graz_study_3847_2,0,wrist,LAT,ao:unclassified,quarantined_ambiguous,quarantine
graz_pediatric_wrist,D:\anvation\ml\data\bone fracture\images\3975_1102677030_01_WRI-L1_M006.png,3975_1102677030_01_WRI-L1_M006.png,graz_pt_3975,graz_study_3975_1,0,wrist,AP_PA,ao:unclassified,quarantined_ambiguous,quarantine
graz_pediatric_wrist,D:\anvation\ml\data\bone fracture\images\3975_1102677088_01_WRI-L2_M006.png,3975_1102677088_01_WRI-L2_M006.png,graz_pt_3975,graz_study_3975_1,1,wrist,LAT,ao:unclassified,quarantined_ambiguous,quarantine
graz_pediatric_wrist,D:\anvation\ml\data\bone fracture\images\3988_0554433297_01_WRI-R1_M017.png,3988_0554433297_01_WRI-R1_M017.png,graz_pt_3988,graz_study_3988_1,0,wrist,AP_PA,ao:unclassified,quarantined_ambiguous,quarantine
graz_pediatric_wrist,D:\anvation\ml\data\bone fracture\images\3988_0554433328_01_WRI-R2_M017.png,3988_0554433328_01_WRI-R2_M017.png,graz_pt_3988,graz_study_3988_1,0,wrist,LAT,ao:unclassified,quarantined_ambiguous,quarantine
graz_pediatric_wrist,D:\anvation\ml\data\bone fracture\images\4023_0297933705_02_WRI-R1_F008.png,4023_0297933705_02_WRI-R1_F008.png,graz_pt_4023,graz_study_4023_2,0,wrist,AP_PA,ao:23r-M/2.1,quarantined_ambiguous,quarantine
graz_pediatric_wrist,D:\anvation\ml\data\bone fracture\images\4023_0297933742_02_WRI-R2_F008.png,4023_0297933742_02_WRI-R2_F008.png,graz_pt_4023,graz_study_4023_2,1,wrist,LAT,ao:23r-M/2.1,quarantined_ambiguous,quarantine
graz_pediatric_wrist,D:\anvation\ml\data\bone fracture\images\4052_0526298715_01_WRI-L1_F010.png,4052_0526298715_01_WRI-L1_F010.png,graz_pt_4052,graz_study_4052_1,1,wrist,AP_PA,ao:72B(c),quarantined_ambiguous,quarantine
graz_pediatric_wrist,D:\anvation\ml\data\bone fracture\images\4052_0526298770_01_WRI-L2_F010.png,4052_0526298770_01_WRI-L2_F010.png,graz_pt_4052,graz_study_4052_1,0,wrist,LAT,ao:72B(c),quarantined_ambiguous,quarantine
graz_pediatric_wrist,D:\anvation\ml\data\bone fracture\images\4130_0444122163_01_WRI-L1_F012.png,4130_0444122163_01_WRI-L1_F012.png,graz_pt_4130,graz_study_4130_1,0,wrist,AP_PA,ao:unclassified,quarantined_ambiguous,quarantine
graz_pediatric_wrist,D:\anvation\ml\data\bone fracture\images\4130_0444122191_01_WRI-L2_F012.png,4130_0444122191_01_WRI-L2_F012.png,graz_pt_4130,graz_study_4130_1,0,wrist,LAT,ao:unclassified,quarantined_ambiguous,quarantine
graz_pediatric_wrist,D:\anvation\ml\data\bone fracture\images\4164_0625247228_01_WRI-L1_F015.png,4164_0625247228_01_WRI-L1_F015.png,graz_pt_4164,graz_study_4164_1,0,wrist,AP_PA,ao:unclassified,quarantined_ambiguous,quarantine
graz_pediatric_wrist,D:\anvation\ml\data\bone fracture\images\4164_0625247253_01_WRI-L2_F015.png,4164_0625247253_01_WRI-L2_F015.png,graz_pt_4164,graz_study_4164_1,0,wrist,LAT,ao:unclassified,quarantined_ambiguous,quarantine
graz_pediatric_wrist,D:\anvation\ml\data\bone fracture\images\4226_0502631281_01_WRI-R1_M014.png,4226_0502631281_01_WRI-R1_M014.png,graz_pt_4226,graz_study_4226_1,0,wrist,AP_PA,ao:unclassified,quarantined_ambiguous,quarantine
graz_pediatric_wrist,D:\anvation\ml\data\bone fracture\images\4226_0502631328_01_WRI-R2_M014.png,4226_0502631328_01_WRI-R2_M014.png,graz_pt_4226,graz_study_4226_1,0,wrist,LAT,ao:unclassified,quarantined_ambiguous,quarantine
graz_pediatric_wrist,D:\anvation\ml\data\bone fracture\images\4255_0447757340_01_WRI-R1_F012.png,4255_0447757340_01_WRI-R1_F012.png,graz_pt_4255,graz_study_4255_1,0,wrist,AP_PA,ao:unclassified,quarantined_ambiguous,quarantine
graz_pediatric_wrist,D:\anvation\ml\data\bone fracture\images\4255_0447757382_01_WRI-R2_F012.png,4255_0447757382_01_WRI-R2_F012.png,graz_pt_4255,graz_study_4255_1,0,wrist,LAT,ao:unclassified,quarantined_ambiguous,quarantine
graz_pediatric_wrist,D:\anvation\ml\data\bone fracture\images\4268_0869867860_01_WRI-R2_M014.png,4268_0869867860_01_WRI-R2_M014.png,graz_pt_4268,graz_study_4268_1,0,wrist,LAT,ao:unclassified,quarantined_ambiguous,quarantine
graz_pediatric_wrist,D:\anvation\ml\data\bone fracture\images\4268_0869867900_01_WRI-R2_M014.png,4268_0869867900_01_WRI-R2_M014.png,graz_pt_4268,graz_study_4268_1,0,wrist,LAT,ao:unclassified,quarantined_ambiguous,quarantine
graz_pediatric_wrist,D:\anvation\ml\data\bone fracture\images\4273_0432904451_01_WRI-L1_M012.png,4273_0432904451_01_WRI-L1_M012.png,graz_pt_4273,graz_study_4273_1,0,wrist,AP_PA,ao:unclassified,quarantined_ambiguous,quarantine
graz_pediatric_wrist,D:\anvation\ml\data\bone fracture\images\4273_0432904498_01_WRI-L2_M012.png,4273_0432904498_01_WRI-L2_M012.png,graz_pt_4273,graz_study_4273_1,0,wrist,LAT,ao:unclassified,quarantined_ambiguous,quarantine
graz_pediatric_wrist,D:\anvation\ml\data\bone fracture\images\4298_0579382399_01_WRI-L1_F012.png,4298_0579382399_01_WRI-L1_F012.png,graz_pt_4298,graz_study_4298_1,0,wrist,AP_PA,ao:unclassified,quarantined_ambiguous,quarantine
graz_pediatric_wrist,D:\anvation\ml\data\bone fracture\images\4298_0579382436_01_WRI-L2_F012.png,4298_0579382436_01_WRI-L2_F012.png,graz_pt_4298,graz_study_4298_1,0,wrist,LAT,ao:unclassified,quarantined_ambiguous,quarantine
graz_pediatric_wrist,D:\anvation\ml\data\bone fracture\images\4301_1017999953_01_WRI-L1_M012.png,4301_1017999953_01_WRI-L1_M012.png,graz_pt_4301,graz_study_4301_1,0,wrist,AP_PA,ao:23r-M/2.1,quarantined_ambiguous,quarantine
graz_pediatric_wrist,D:\anvation\ml\data\bone fracture\images\4301_1017999991_01_WRI-L2_M012.png,4301_1017999991_01_WRI-L2_M012.png,graz_pt_4301,graz_study_4301_1,1,wrist,LAT,ao:23r-M/2.1,quarantined_ambiguous,quarantine
graz_pediatric_wrist,D:\anvation\ml\data\bone fracture\images\4303_0898133085_01_WRI-L1_M011.png,4303_0898133085_01_WRI-L1_M011.png,graz_pt_4303,graz_study_4303_1,0,wrist,AP_PA,ao:unclassified,quarantined_ambiguous,quarantine
graz_pediatric_wrist,D:\anvation\ml\data\bone fracture\images\4303_0898133117_01_WRI-L2_M011.png,4303_0898133117_01_WRI-L2_M011.png,graz_pt_4303,graz_study_4303_1,0,wrist,LAT,ao:unclassified,quarantined_ambiguous,quarantine
graz_pediatric_wrist,D:\anvation\ml\data\bone fracture\images\4335_1090107404_01_WRI-R1_F007.png,4335_1090107404_01_WRI-R1_F007.png,graz_pt_4335,graz_study_4335_1,1,wrist,AP_PA,ao:23r-E/1,quarantined_ambiguous,quarantine
graz_pediatric_wrist,D:\anvation\ml\data\bone fracture\images\4335_1090107446_01_WRI-R2_F007.png,4335_1090107446_01_WRI-R2_F007.png,graz_pt_4335,graz_study_4335_1,1,wrist,LAT,ao:23r-E/1,quarantined_ambiguous,quarantine
graz_pediatric_wrist,D:\anvation\ml\data\bone fracture\images\4346_1002390284_01_WRI-L1_F008.png,4346_1002390284_01_WRI-L1_F008.png,graz_pt_4346,graz_study_4346_1,1,wrist,AP_PA,ao:23r-M/2.1,quarantined_ambiguous,quarantine
graz_pediatric_wrist,D:\anvation\ml\data\bone fracture\images\4346_1002390308_01_WRI-L2_F008.png,4346_1002390308_01_WRI-L2_F008.png,graz_pt_4346,graz_study_4346_1,1,wrist,LAT,ao:23r-M/2.1,quarantined_ambiguous,quarantine
graz_pediatric_wrist,D:\anvation\ml\data\bone fracture\images\4387_0697041198_03_WRI-R1_M014.png,4387_0697041198_03_WRI-R1_M014.png,graz_pt_4387,graz_study_4387_3,1,wrist,AP_PA,ao:23r-E/1,quarantined_ambiguous,quarantine
graz_pediatric_wrist,D:\anvation\ml\data\bone fracture\images\4387_0697041226_03_WRI-R2_M014.png,4387_0697041226_03_WRI-R2_M014.png,graz_pt_4387,graz_study_4387_3,1,wrist,LAT,ao:23r-E/1,quarantined_ambiguous,quarantine
graz_pediatric_wrist,D:\anvation\ml\data\bone fracture\images\4450_0991629370_01_WRI-R1_M014.png,4450_0991629370_01_WRI-R1_M014.png,graz_pt_4450,graz_study_4450_1,0,wrist,AP_PA,ao:23r-M/2.1,quarantined_ambiguous,quarantine
graz_pediatric_wrist,D:\anvation\ml\data\bone fracture\images\4450_0991629424_01_WRI-R2_M014.png,4450_0991629424_01_WRI-R2_M014.png,graz_pt_4450,graz_study_4450_1,0,wrist,LAT,ao:23r-M/2.1,quarantined_ambiguous,quarantine
graz_pediatric_wrist,D:\anvation\ml\data\bone fracture\images\4473_1097899267_01_WRI-L1_M013.png,4473_1097899267_01_WRI-L1_M013.png,graz_pt_4473,graz_study_4473_1,0,wrist,AP_PA,ao:unclassified,quarantined_ambiguous,quarantine
graz_pediatric_wrist,D:\anvation\ml\data\bone fracture\images\4473_1097899297_01_WRI-L2_M013.png,4473_1097899297_01_WRI-L2_M013.png,graz_pt_4473,graz_study_4473_1,0,wrist,LAT,ao:unclassified,quarantined_ambiguous,quarantine
graz_pediatric_wrist,D:\anvation\ml\data\bone fracture\images\4486_0364092297_01_WRI-L1_M008.png,4486_0364092297_01_WRI-L1_M008.png,graz_pt_4486,graz_study_4486_1,0,wrist,AP_PA,ao:23r-M/2.1,quarantined_ambiguous,quarantine
graz_pediatric_wrist,D:\anvation\ml\data\bone fracture\images\4486_0364092328_01_WRI-L2_M008.png,4486_0364092328_01_WRI-L2_M008.png,graz_pt_4486,graz_study_4486_1,0,wrist,LAT,ao:23r-M/2.1,quarantined_ambiguous,quarantine
graz_pediatric_wrist,D:\anvation\ml\data\bone fracture\images\4487_0858844702_01_WRI-R1_M017.png,4487_0858844702_01_WRI-R1_M017.png,graz_pt_4487,graz_study_4487_1,0,wrist,AP_PA,ao:unclassified,quarantined_ambiguous,quarantine
graz_pediatric_wrist,D:\anvation\ml\data\bone fracture\images\4487_0858844717_01_WRI-R2_M017.png,4487_0858844717_01_WRI-R2_M017.png,graz_pt_4487,graz_study_4487_1,0,wrist,LAT,ao:unclassified,quarantined_ambiguous,quarantine
graz_pediatric_wrist,D:\anvation\ml\data\bone fracture\images\4528_0878934369_01_WRI-R1_M012.png,4528_0878934369_01_WRI-R1_M012.png,graz_pt_4528,graz_study_4528_1,0,wrist,AP_PA,ao:unclassified,quarantined_ambiguous,quarantine
graz_pediatric_wrist,D:\anvation\ml\data\bone fracture\images\4528_0878934396_01_WRI-R2_M012.png,4528_0878934396_01_WRI-R2_M012.png,graz_pt_4528,graz_study_4528_1,0,wrist,LAT,ao:unclassified,quarantined_ambiguous,quarantine
graz_pediatric_wrist,D:\anvation\ml\data\bone fracture\images\4563_0363556152_02_WRI-L1_M015.png,4563_0363556152_02_WRI-L1_M015.png,graz_pt_4563,graz_study_4563_2,1,wrist,AP_PA,ao:23r-M/2.1,quarantined_ambiguous,quarantine
graz_pediatric_wrist,D:\anvation\ml\data\bone fracture\images\4563_0363556204_02_WRI-L2_M015.png,4563_0363556204_02_WRI-L2_M015.png,graz_pt_4563,graz_study_4563_2,0,wrist,LAT,ao:23r-M/2.1,quarantined_ambiguous,quarantine
graz_pediatric_wrist,D:\anvation\ml\data\bone fracture\images\4632_1232570804_01_WRI-R1_M013.png,4632_1232570804_01_WRI-R1_M013.png,graz_pt_4632,graz_study_4632_1,0,wrist,AP_PA,ao:unclassified,quarantined_ambiguous,quarantine
graz_pediatric_wrist,D:\anvation\ml\data\bone fracture\images\4632_1232570825_01_WRI-R2_M013.png,4632_1232570825_01_WRI-R2_M013.png,graz_pt_4632,graz_study_4632_1,0,wrist,LAT,ao:unclassified,quarantined_ambiguous,quarantine
graz_pediatric_wrist,D:\anvation\ml\data\bone fracture\images\4647_0361123744_01_WRI-L1_M015.png,4647_0361123744_01_WRI-L1_M015.png,graz_pt_4647,graz_study_4647_1,0,wrist,AP_PA,ao:unclassified,quarantined_ambiguous,quarantine
graz_pediatric_wrist,D:\anvation\ml\data\bone fracture\images\4647_0361123769_01_WRI-L2_M015.png,4647_0361123769_01_WRI-L2_M015.png,graz_pt_4647,graz_study_4647_1,0,wrist,LAT,ao:unclassified,quarantined_ambiguous,quarantine
graz_pediatric_wrist,D:\anvation\ml\data\bone fracture\images\4652_1110648110_01_WRI-R1_F012.png,4652_1110648110_01_WRI-R1_F012.png,graz_pt_4652,graz_study_4652_1,0,wrist,AP_PA,ao:unclassified,quarantined_ambiguous,quarantine
graz_pediatric_wrist,D:\anvation\ml\data\bone fracture\images\4652_1110648143_01_WRI-R2_F012.png,4652_1110648143_01_WRI-R2_F012.png,graz_pt_4652,graz_study_4652_1,0,wrist,LAT,ao:unclassified,quarantined_ambiguous,quarantine
graz_pediatric_wrist,D:\anvation\ml\data\bone fracture\images\4702_1035943145_01_WRI-L1_M014.png,4702_1035943145_01_WRI-L1_M014.png,graz_pt_4702,graz_study_4702_1,1,wrist,AP_PA,ao:23r-M/2.1,quarantined_ambiguous,quarantine
graz_pediatric_wrist,D:\anvation\ml\data\bone fracture\images\4702_1035943175_01_WRI-L2_M014.png,4702_1035943175_01_WRI-L2_M014.png,graz_pt_4702,graz_study_4702_1,0,wrist,LAT,ao:23r-M/2.1,quarantined_ambiguous,quarantine
graz_pediatric_wrist,D:\anvation\ml\data\bone fracture\images\4718_0498347092_02_WRI-R1_M014.png,4718_0498347092_02_WRI-R1_M014.png,graz_pt_4718,graz_study_4718_2,0,wrist,AP_PA,ao:unclassified,quarantined_ambiguous,quarantine
graz_pediatric_wrist,D:\anvation\ml\data\bone fracture\images\4718_0498347124_02_WRI-R2_M014.png,4718_0498347124_02_WRI-R2_M014.png,graz_pt_4718,graz_study_4718_2,0,wrist,LAT,ao:unclassified,quarantined_ambiguous,quarantine
graz_pediatric_wrist,D:\anvation\ml\data\bone fracture\images\4727_1023587151_01_WRI-R1_M009.png,4727_1023587151_01_WRI-R1_M009.png,graz_pt_4727,graz_study_4727_1,1,wrist,AP_PA,ao:23r-E/1,quarantined_ambiguous,quarantine
graz_pediatric_wrist,D:\anvation\ml\data\bone fracture\images\4727_1023587176_01_WRI-R2_M009.png,4727_1023587176_01_WRI-R2_M009.png,graz_pt_4727,graz_study_4727_1,1,wrist,LAT,ao:23r-E/1,quarantined_ambiguous,quarantine
graz_pediatric_wrist,D:\anvation\ml\data\bone fracture\images\4729_0263676986_01_WRI-R1_M016.png,4729_0263676986_01_WRI-R1_M016.png,graz_pt_4729,graz_study_4729_1,0,wrist,AP_PA,ao:unclassified,quarantined_ambiguous,quarantine
graz_pediatric_wrist,D:\anvation\ml\data\bone fracture\images\4729_0263677073_02_WRI-R2_M016.png,4729_0263677073_02_WRI-R2_M016.png,graz_pt_4729,graz_study_4729_2,0,wrist,LAT,ao:unclassified,quarantined_ambiguous,quarantine
graz_pediatric_wrist,D:\anvation\ml\data\bone fracture\images\4761_0382797190_01_WRI-R1_F007.png,4761_0382797190_01_WRI-R1_F007.png,graz_pt_4761,graz_study_4761_1,0,wrist,AP_PA,ao:23r-M/2.1,quarantined_ambiguous,quarantine
graz_pediatric_wrist,D:\anvation\ml\data\bone fracture\images\4761_0382797232_01_WRI-R2_F007.png,4761_0382797232_01_WRI-R2_F007.png,graz_pt_4761,graz_study_4761_1,1,wrist,LAT,ao:23r-M/2.1,quarantined_ambiguous,quarantine
graz_pediatric_wrist,D:\anvation\ml\data\bone fracture\images\4762_0364616853_02_WRI-R1_M013.png,4762_0364616853_02_WRI-R1_M013.png,graz_pt_4762,graz_study_4762_2,0,wrist,AP_PA,ao:unclassified,quarantined_ambiguous,quarantine
graz_pediatric_wrist,D:\anvation\ml\data\bone fracture\images\4762_0364616899_02_WRI-R2_M013.png,4762_0364616899_02_WRI-R2_M013.png,graz_pt_4762,graz_study_4762_2,0,wrist,LAT,ao:unclassified,quarantined_ambiguous,quarantine
graz_pediatric_wrist,D:\anvation\ml\data\bone fracture\images\4767_1041082519_01_WRI-R1_M016.png,4767_1041082519_01_WRI-R1_M016.png,graz_pt_4767,graz_study_4767_1,1,wrist,AP_PA,ao:23r-M/2.1; 23u-E/7,quarantined_ambiguous,quarantine
graz_pediatric_wrist,D:\anvation\ml\data\bone fracture\images\4767_1041082583_01_WRI-R2_M016.png,4767_1041082583_01_WRI-R2_M016.png,graz_pt_4767,graz_study_4767_1,0,wrist,LAT,ao:23r-M/2.1; 23u-E/7,quarantined_ambiguous,quarantine
graz_pediatric_wrist,D:\anvation\ml\data\bone fracture\images\4772_0559125705_01_WRI-L1_M015.png,4772_0559125705_01_WRI-L1_M015.png,graz_pt_4772,graz_study_4772_1,0,wrist,AP_PA,ao:23r-M/2.1,quarantined_ambiguous,quarantine
graz_pediatric_wrist,D:\anvation\ml\data\bone fracture\images\4772_0559125736_01_WRI-L2_M015.png,4772_0559125736_01_WRI-L2_M015.png,graz_pt_4772,graz_study_4772_1,1,wrist,LAT,ao:23r-M/2.1,quarantined_ambiguous,quarantine
graz_pediatric_wrist,D:\anvation\ml\data\bone fracture\images\4792_0401549375_01_WRI-L1_F014.png,4792_0401549375_01_WRI-L1_F014.png,graz_pt_4792,graz_study_4792_1,0,wrist,AP_PA,ao:unclassified,quarantined_ambiguous,quarantine
graz_pediatric_wrist,D:\anvation\ml\data\bone fracture\images\4792_0401549422_01_WRI-L2_F014.png,4792_0401549422_01_WRI-L2_F014.png,graz_pt_4792,graz_study_4792_1,0,wrist,LAT,ao:unclassified,quarantined_ambiguous,quarantine
graz_pediatric_wrist,D:\anvation\ml\data\bone fracture\images\4816_0833300455_01_WRI-R1_M011.png,4816_0833300455_01_WRI-R1_M011.png,graz_pt_4816,graz_study_4816_1,1,wrist,AP_PA,ao:unclassified,quarantined_ambiguous,quarantine
graz_pediatric_wrist,D:\anvation\ml\data\bone fracture\images\4816_0833300495_01_WRI-R2_M011.png,4816_0833300495_01_WRI-R2_M011.png,graz_pt_4816,graz_study_4816_1,1,wrist,LAT,ao:unclassified,quarantined_ambiguous,quarantine
graz_pediatric_wrist,D:\anvation\ml\data\bone fracture\images\4827_0594346862_01_WRI-R1_F010.png,4827_0594346862_01_WRI-R1_F010.png,graz_pt_4827,graz_study_4827_1,0,wrist,AP_PA,ao:unclassified,quarantined_ambiguous,quarantine
graz_pediatric_wrist,D:\anvation\ml\data\bone fracture\images\4827_0594346909_01_WRI-R2_F010.png,4827_0594346909_01_WRI-R2_F010.png,graz_pt_4827,graz_study_4827_1,0,wrist,LAT,ao:unclassified,quarantined_ambiguous,quarantine
graz_pediatric_wrist,D:\anvation\ml\data\bone fracture\images\4838_0361855704_01_WRI-R1_M013.png,4838_0361855704_01_WRI-R1_M013.png,graz_pt_4838,graz_study_4838_1,0,wrist,AP_PA,ao:unclassified,quarantined_ambiguous,quarantine
graz_pediatric_wrist,D:\anvation\ml\data\bone fracture\images\4838_0361855750_01_WRI-R2_M013.png,4838_0361855750_01_WRI-R2_M013.png,graz_pt_4838,graz_study_4838_1,0,wrist,LAT,ao:unclassified,quarantined_ambiguous,quarantine
graz_pediatric_wrist,D:\anvation\ml\data\bone fracture\images\4860_1040532066_01_WRI-L1_M014.png,4860_1040532066_01_WRI-L1_M014.png,graz_pt_4860,graz_study_4860_1,0,wrist,AP_PA,ao:unclassified,quarantined_ambiguous,quarantine
graz_pediatric_wrist,D:\anvation\ml\data\bone fracture\images\4860_1040532087_01_WRI-L2_M014.png,4860_1040532087_01_WRI-L2_M014.png,graz_pt_4860,graz_study_4860_1,0,wrist,LAT,ao:unclassified,quarantined_ambiguous,quarantine
graz_pediatric_wrist,D:\anvation\ml\data\bone fracture\images\4872_0259556298_01_WRI-R1_M016.png,4872_0259556298_01_WRI-R1_M016.png,graz_pt_4872,graz_study_4872_1,0,wrist,AP_PA,ao:unclassified,quarantined_ambiguous,quarantine
graz_pediatric_wrist,D:\anvation\ml\data\bone fracture\images\4872_0259556331_01_WRI-R2_M016.png,4872_0259556331_01_WRI-R2_M016.png,graz_pt_4872,graz_study_4872_1,0,wrist,LAT,ao:unclassified,quarantined_ambiguous,quarantine
graz_pediatric_wrist,D:\anvation\ml\data\bone fracture\images\4903_0814003938_05_WRI-L1_M015.png,4903_0814003938_05_WRI-L1_M015.png,graz_pt_4903,graz_study_4903_5,0,wrist,AP_PA,ao:unclassified,quarantined_ambiguous,quarantine
graz_pediatric_wrist,D:\anvation\ml\data\bone fracture\images\4903_0814003975_05_WRI-L2_M015.png,4903_0814003975_05_WRI-L2_M015.png,graz_pt_4903,graz_study_4903_5,0,wrist,LAT,ao:unclassified,quarantined_ambiguous,quarantine
graz_pediatric_wrist,D:\anvation\ml\data\bone fracture\images\4909_0589327604_02_WRI-L1_M010.png,4909_0589327604_02_WRI-L1_M010.png,graz_pt_4909,graz_study_4909_2,0,wrist,AP_PA,ao:unclassified,quarantined_ambiguous,quarantine
graz_pediatric_wrist,D:\anvation\ml\data\bone fracture\images\4909_0589327636_02_WRI-L2_M010.png,4909_0589327636_02_WRI-L2_M010.png,graz_pt_4909,graz_study_4909_2,0,wrist,LAT,ao:unclassified,quarantined_ambiguous,quarantine
graz_pediatric_wrist,D:\anvation\ml\data\bone fracture\images\4978_0879796510_01_WRI-L1_F008.png,4978_0879796510_01_WRI-L1_F008.png,graz_pt_4978,graz_study_4978_1,0,wrist,AP_PA,ao:unclassified,quarantined_ambiguous,quarantine
graz_pediatric_wrist,D:\anvation\ml\data\bone fracture\images\4978_0879796547_01_WRI-L2_F008.png,4978_0879796547_01_WRI-L2_F008.png,graz_pt_4978,graz_study_4978_1,0,wrist,LAT,ao:unclassified,quarantined_ambiguous,quarantine
graz_pediatric_wrist,D:\anvation\ml\data\bone fracture\images\4986_0723483207_01_WRI-R1_M010.png,4986_0723483207_01_WRI-R1_M010.png,graz_pt_4986,graz_study_4986_1,0,wrist,AP_PA,ao:unclassified,quarantined_ambiguous,quarantine
graz_pediatric_wrist,D:\anvation\ml\data\bone fracture\images\4986_0723483238_01_WRI-R2_M010.png,4986_0723483238_01_WRI-R2_M010.png,graz_pt_4986,graz_study_4986_1,0,wrist,LAT,ao:unclassified,quarantined_ambiguous,quarantine
graz_pediatric_wrist,D:\anvation\ml\data\bone fracture\images\5022_0624863754_01_WRI-R1_M013.png,5022_0624863754_01_WRI-R1_M013.png,graz_pt_5022,graz_study_5022_1,0,wrist,AP_PA,ao:23r-E/1,quarantined_ambiguous,quarantine
graz_pediatric_wrist,D:\anvation\ml\data\bone fracture\images\5022_0624863805_01_WRI-R2_M013.png,5022_0624863805_01_WRI-R2_M013.png,graz_pt_5022,graz_study_5022_1,0,wrist,LAT,ao:23r-E/1,quarantined_ambiguous,quarantine
graz_pediatric_wrist,D:\anvation\ml\data\bone fracture\images\5025_0695050992_01_WRI-L1_M014.png,5025_0695050992_01_WRI-L1_M014.png,graz_pt_5025,graz_study_5025_1,0,wrist,AP_PA,ao:unclassified,quarantined_ambiguous,quarantine
graz_pediatric_wrist,D:\anvation\ml\data\bone fracture\images\5025_0695051045_02_WRI-L2_M014.png,5025_0695051045_02_WRI-L2_M014.png,graz_pt_5025,graz_study_5025_2,0,wrist,LAT,ao:unclassified,quarantined_ambiguous,quarantine
graz_pediatric_wrist,D:\anvation\ml\data\bone fracture\images\5029_1175373921_01_WRI-L1_M007.png,5029_1175373921_01_WRI-L1_M007.png,graz_pt_5029,graz_study_5029_1,0,wrist,AP_PA,ao:unclassified,quarantined_ambiguous,quarantine
graz_pediatric_wrist,D:\anvation\ml\data\bone fracture\images\5029_1175373949_01_WRI-L2_M007.png,5029_1175373949_01_WRI-L2_M007.png,graz_pt_5029,graz_study_5029_1,0,wrist,LAT,ao:unclassified,quarantined_ambiguous,quarantine
graz_pediatric_wrist,D:\anvation\ml\data\bone fracture\images\5034_0335533030_01_WRI-R1_F008.png,5034_0335533030_01_WRI-R1_F008.png,graz_pt_5034,graz_study_5034_1,0,wrist,AP_PA,ao:unclassified,quarantined_ambiguous,quarantine
graz_pediatric_wrist,D:\anvation\ml\data\bone fracture\images\5034_0335533093_01_WRI-R2_F008.png,5034_0335533093_01_WRI-R2_F008.png,graz_pt_5034,graz_study_5034_1,0,wrist,LAT,ao:unclassified,quarantined_ambiguous,quarantine
graz_pediatric_wrist,D:\anvation\ml\data\bone fracture\images\5059_0581178316_01_WRI-L1_M010.png,5059_0581178316_01_WRI-L1_M010.png,graz_pt_5059,graz_study_5059_1,0,wrist,AP_PA,ao:unclassified,quarantined_ambiguous,quarantine
graz_pediatric_wrist,D:\anvation\ml\data\bone fracture\images\5059_0581178351_01_WRI-L2_M010.png,5059_0581178351_01_WRI-L2_M010.png,graz_pt_5059,graz_study_5059_1,0,wrist,LAT,ao:unclassified,quarantined_ambiguous,quarantine
graz_pediatric_wrist,D:\anvation\ml\data\bone fracture\images\5065_0815611268_01_WRI-R1_F013.png,5065_0815611268_01_WRI-R1_F013.png,graz_pt_5065,graz_study_5065_1,0,wrist,AP_PA,ao:23r-M/2.1,quarantined_ambiguous,quarantine
graz_pediatric_wrist,D:\anvation\ml\data\bone fracture\images\5065_0815611326_01_WRI-R2_F013.png,5065_0815611326_01_WRI-R2_F013.png,graz_pt_5065,graz_study_5065_1,1,wrist,LAT,ao:23r-M/2.1,quarantined_ambiguous,quarantine
graz_pediatric_wrist,D:\anvation\ml\data\bone fracture\images\5069_0961819004_01_WRI-L1_F012.png,5069_0961819004_01_WRI-L1_F012.png,graz_pt_5069,graz_study_5069_1,0,wrist,AP_PA,ao:unclassified,quarantined_ambiguous,quarantine
graz_pediatric_wrist,D:\anvation\ml\data\bone fracture\images\5069_0961819040_01_WRI-L2_F012.png,5069_0961819040_01_WRI-L2_F012.png,graz_pt_5069,graz_study_5069_1,0,wrist,LAT,ao:unclassified,quarantined_ambiguous,quarantine
graz_pediatric_wrist,D:\anvation\ml\data\bone fracture\images\5103_1027956641_01_WRI-L1_M017.png,5103_1027956641_01_WRI-L1_M017.png,graz_pt_5103,graz_study_5103_1,0,wrist,AP_PA,ao:23r-M/2.1,quarantined_ambiguous,quarantine
graz_pediatric_wrist,D:\anvation\ml\data\bone fracture\images\5103_1027956683_01_WRI-L2_M017.png,5103_1027956683_01_WRI-L2_M017.png,graz_pt_5103,graz_study_5103_1,1,wrist,LAT,ao:23r-M/2.1,quarantined_ambiguous,quarantine
graz_pediatric_wrist,D:\anvation\ml\data\bone fracture\images\5106_1017580576_01_WRI-R1_M009.png,5106_1017580576_01_WRI-R1_M009.png,graz_pt_5106,graz_study_5106_1,0,wrist,AP_PA,ao:unclassified,quarantined_ambiguous,quarantine
graz_pediatric_wrist,D:\anvation\ml\data\bone fracture\images\5106_1017580614_01_WRI-R2_M009.png,5106_1017580614_01_WRI-R2_M009.png,graz_pt_5106,graz_study_5106_1,0,wrist,LAT,ao:unclassified,quarantined_ambiguous,quarantine
graz_pediatric_wrist,D:\anvation\ml\data\bone fracture\images\5126_1057437564_01_WRI-R1_F012.png,5126_1057437564_01_WRI-R1_F012.png,graz_pt_5126,graz_study_5126_1,0,wrist,AP_PA,ao:unclassified,quarantined_ambiguous,quarantine
graz_pediatric_wrist,D:\anvation\ml\data\bone fracture\images\5126_1057437592_01_WRI-R2_F012.png,5126_1057437592_01_WRI-R2_F012.png,graz_pt_5126,graz_study_5126_1,0,wrist,LAT,ao:unclassified,quarantined_ambiguous,quarantine
graz_pediatric_wrist,D:\anvation\ml\data\bone fracture\images\5178_0514646033_01_WRI-R2_F003.png,5178_0514646033_01_WRI-R2_F003.png,graz_pt_5178,graz_study_5178_1,0,wrist,LAT,ao:unclassified,quarantined_ambiguous,quarantine
graz_pediatric_wrist,D:\anvation\ml\data\bone fracture\images\5181_0350218135_01_WRI-L1_M013.png,5181_0350218135_01_WRI-L1_M013.png,graz_pt_5181,graz_study_5181_1,0,wrist,AP_PA,ao:unclassified,quarantined_ambiguous,quarantine
graz_pediatric_wrist,D:\anvation\ml\data\bone fracture\images\5181_0350218182_01_WRI-L2_M013.png,5181_0350218182_01_WRI-L2_M013.png,graz_pt_5181,graz_study_5181_1,0,wrist,LAT,ao:unclassified,quarantined_ambiguous,quarantine
graz_pediatric_wrist,D:\anvation\ml\data\bone fracture\images\5188_0351199171_01_WRI-R1_F016.png,5188_0351199171_01_WRI-R1_F016.png,graz_pt_5188,graz_study_5188_1,0,wrist,AP_PA,ao:unclassified,quarantined_ambiguous,quarantine
graz_pediatric_wrist,D:\anvation\ml\data\bone fracture\images\5188_0351199212_01_WRI-R2_F016.png,5188_0351199212_01_WRI-R2_F016.png,graz_pt_5188,graz_study_5188_1,0,wrist,LAT,ao:unclassified,quarantined_ambiguous,quarantine
graz_pediatric_wrist,D:\anvation\ml\data\bone fracture\images\5212_1078434170_01_WRI-R1_M001.png,5212_1078434170_01_WRI-R1_M001.png,graz_pt_5212,graz_study_5212_1,0,wrist,AP_PA,ao:unclassified,quarantined_ambiguous,quarantine
graz_pediatric_wrist,D:\anvation\ml\data\bone fracture\images\5212_1078434210_01_WRI-R2_M001.png,5212_1078434210_01_WRI-R2_M001.png,graz_pt_5212,graz_study_5212_1,0,wrist,LAT,ao:unclassified,quarantined_ambiguous,quarantine
graz_pediatric_wrist,D:\anvation\ml\data\bone fracture\images\5232_0287162404_01_WRI-R1_M007.png,5232_0287162404_01_WRI-R1_M007.png,graz_pt_5232,graz_study_5232_1,0,wrist,AP_PA,ao:23r-M/2.1,quarantined_ambiguous,quarantine
graz_pediatric_wrist,D:\anvation\ml\data\bone fracture\images\5232_0287162516_01_WRI-R2_M007.png,5232_0287162516_01_WRI-R2_M007.png,graz_pt_5232,graz_study_5232_1,1,wrist,LAT,ao:23r-M/2.1,quarantined_ambiguous,quarantine
graz_pediatric_wrist,D:\anvation\ml\data\bone fracture\images\5240_0411743217_01_WRI-R1_M014.png,5240_0411743217_01_WRI-R1_M014.png,graz_pt_5240,graz_study_5240_1,0,wrist,AP_PA,ao:23r-M/2.1,quarantined_ambiguous,quarantine
graz_pediatric_wrist,D:\anvation\ml\data\bone fracture\images\5240_0411743293_01_WRI-R2_M014.png,5240_0411743293_01_WRI-R2_M014.png,graz_pt_5240,graz_study_5240_1,1,wrist,LAT,ao:23r-M/2.1,quarantined_ambiguous,quarantine
graz_pediatric_wrist,D:\anvation\ml\data\bone fracture\images\5253_0935709768_01_WRI-R1_F009.png,5253_0935709768_01_WRI-R1_F009.png,graz_pt_5253,graz_study_5253_1,0,wrist,AP_PA,ao:unclassified,quarantined_ambiguous,quarantine
graz_pediatric_wrist,D:\anvation\ml\data\bone fracture\images\5253_0935709793_01_WRI-R2_F009.png,5253_0935709793_01_WRI-R2_F009.png,graz_pt_5253,graz_study_5253_1,0,wrist,LAT,ao:unclassified,quarantined_ambiguous,quarantine
graz_pediatric_wrist,D:\anvation\ml\data\bone fracture\images\5268_0607113666_01_WRI-L1_F006.png,5268_0607113666_01_WRI-L1_F006.png,graz_pt_5268,graz_study_5268_1,0,wrist,AP_PA,ao:unclassified,quarantined_ambiguous,quarantine
graz_pediatric_wrist,D:\anvation\ml\data\bone fracture\images\5268_0607113701_01_WRI-L2_F006.png,5268_0607113701_01_WRI-L2_F006.png,graz_pt_5268,graz_study_5268_1,0,wrist,LAT,ao:unclassified,quarantined_ambiguous,quarantine
graz_pediatric_wrist,D:\anvation\ml\data\bone fracture\images\5311_0396949601_01_WRI-L1_M012.png,5311_0396949601_01_WRI-L1_M012.png,graz_pt_5311,graz_study_5311_1,0,wrist,AP_PA,ao:23r-E/2.1,quarantined_ambiguous,quarantine
graz_pediatric_wrist,D:\anvation\ml\data\bone fracture\images\5311_0396949679_01_WRI-L2_M012.png,5311_0396949679_01_WRI-L2_M012.png,graz_pt_5311,graz_study_5311_1,1,wrist,LAT,ao:23r-E/2.1,quarantined_ambiguous,quarantine
graz_pediatric_wrist,D:\anvation\ml\data\bone fracture\images\5321_0621522286_01_WRI-L1_M002.png,5321_0621522286_01_WRI-L1_M002.png,graz_pt_5321,graz_study_5321_1,0,wrist,AP_PA,ao:unclassified,quarantined_ambiguous,quarantine
graz_pediatric_wrist,D:\anvation\ml\data\bone fracture\images\5321_0621522321_01_WRI-R2_M002.png,5321_0621522321_01_WRI-R2_M002.png,graz_pt_5321,graz_study_5321_1,0,wrist,LAT,ao:unclassified,quarantined_ambiguous,quarantine
graz_pediatric_wrist,D:\anvation\ml\data\bone fracture\images\5325_0444985237_01_WRI-R1_F005.png,5325_0444985237_01_WRI-R1_F005.png,graz_pt_5325,graz_study_5325_1,0,wrist,AP_PA,ao:23r-M/2.1,quarantined_ambiguous,quarantine
graz_pediatric_wrist,D:\anvation\ml\data\bone fracture\images\5325_0444985290_01_WRI-R2_F005.png,5325_0444985290_01_WRI-R2_F005.png,graz_pt_5325,graz_study_5325_1,1,wrist,LAT,ao:23r-M/2.1,quarantined_ambiguous,quarantine
graz_pediatric_wrist,D:\anvation\ml\data\bone fracture\images\5326_0633555936_03_WRI-R1_M014.png,5326_0633555936_03_WRI-R1_M014.png,graz_pt_5326,graz_study_5326_3,0,wrist,AP_PA,ao:23r-M/2.1,quarantined_ambiguous,quarantine
graz_pediatric_wrist,D:\anvation\ml\data\bone fracture\images\5326_0633555984_03_WRI-R2_M014.png,5326_0633555984_03_WRI-R2_M014.png,graz_pt_5326,graz_study_5326_3,1,wrist,LAT,ao:23r-M/2.1,quarantined_ambiguous,quarantine
graz_pediatric_wrist,D:\anvation\ml\data\bone fracture\images\5353_0163911868_01_WRI-L1_M016.png,5353_0163911868_01_WRI-L1_M016.png,graz_pt_5353,graz_study_5353_1,0,wrist,AP_PA,ao:unclassified,quarantined_ambiguous,quarantine
graz_pediatric_wrist,D:\anvation\ml\data\bone fracture\images\5353_0163911890_01_WRI-L2_M016.png,5353_0163911890_01_WRI-L2_M016.png,graz_pt_5353,graz_study_5353_1,0,wrist,LAT,ao:unclassified,quarantined_ambiguous,quarantine
graz_pediatric_wrist,D:\anvation\ml\data\bone fracture\images\5401_1113212420_01_WRI-L1_M011.png,5401_1113212420_01_WRI-L1_M011.png,graz_pt_5401,graz_study_5401_1,0,wrist,AP_PA,ao:23r-E/1,quarantined_ambiguous,quarantine
graz_pediatric_wrist,D:\anvation\ml\data\bone fracture\images\5401_1113212435_01_WRI-L2_M011.png,5401_1113212435_01_WRI-L2_M011.png,graz_pt_5401,graz_study_5401_1,1,wrist,LAT,ao:23r-E/1,quarantined_ambiguous,quarantine
graz_pediatric_wrist,D:\anvation\ml\data\bone fracture\images\5411_0827239237_01_WRI-R1_M010.png,5411_0827239237_01_WRI-R1_M010.png,graz_pt_5411,graz_study_5411_1,0,wrist,AP_PA,ao:unclassified,quarantined_ambiguous,quarantine
graz_pediatric_wrist,D:\anvation\ml\data\bone fracture\images\5411_0827239258_01_WRI-R2_M010.png,5411_0827239258_01_WRI-R2_M010.png,graz_pt_5411,graz_study_5411_1,0,wrist,LAT,ao:unclassified,quarantined_ambiguous,quarantine
graz_pediatric_wrist,D:\anvation\ml\data\bone fracture\images\5450_0372881367_02_WRI-R1_M012.png,5450_0372881367_02_WRI-R1_M012.png,graz_pt_5450,graz_study_5450_2,1,wrist,AP_PA,ao:23r-E/2.1,quarantined_ambiguous,quarantine
graz_pediatric_wrist,D:\anvation\ml\data\bone fracture\images\5450_0372881421_02_WRI-R2_M012.png,5450_0372881421_02_WRI-R2_M012.png,graz_pt_5450,graz_study_5450_2,1,wrist,LAT,ao:23r-E/2.1,quarantined_ambiguous,quarantine
graz_pediatric_wrist,D:\anvation\ml\data\bone fracture\images\5454_0339766849_01_WRI-R1_F017.png,5454_0339766849_01_WRI-R1_F017.png,graz_pt_5454,graz_study_5454_1,0,wrist,AP_PA,ao:unclassified,quarantined_ambiguous,quarantine
graz_pediatric_wrist,D:\anvation\ml\data\bone fracture\images\5454_0339766893_01_WRI-R2_F017.png,5454_0339766893_01_WRI-R2_F017.png,graz_pt_5454,graz_study_5454_1,0,wrist,LAT,ao:unclassified,quarantined_ambiguous,quarantine
graz_pediatric_wrist,D:\anvation\ml\data\bone fracture\images\5465_1013084003_01_WRI-L1_M005.png,5465_1013084003_01_WRI-L1_M005.png,graz_pt_5465,graz_study_5465_1,0,wrist,AP_PA,ao:unclassified,quarantined_ambiguous,quarantine
graz_pediatric_wrist,D:\anvation\ml\data\bone fracture\images\5465_1013084061_01_WRI-L2_M005.png,5465_1013084061_01_WRI-L2_M005.png,graz_pt_5465,graz_study_5465_1,0,wrist,LAT,ao:unclassified,quarantined_ambiguous,quarantine
graz_pediatric_wrist,D:\anvation\ml\data\bone fracture\images\5478_0159714162_01_WRI-L1_F017.png,5478_0159714162_01_WRI-L1_F017.png,graz_pt_5478,graz_study_5478_1,0,wrist,AP_PA,ao:unclassified,quarantined_ambiguous,quarantine
graz_pediatric_wrist,D:\anvation\ml\data\bone fracture\images\5478_0159714180_01_WRI-L2_F017.png,5478_0159714180_01_WRI-L2_F017.png,graz_pt_5478,graz_study_5478_1,0,wrist,LAT,ao:unclassified,quarantined_ambiguous,quarantine
graz_pediatric_wrist,D:\anvation\ml\data\bone fracture\images\5496_0212175937_01_WRI-L1_M017.png,5496_0212175937_01_WRI-L1_M017.png,graz_pt_5496,graz_study_5496_1,0,wrist,AP_PA,ao:unclassified,quarantined_ambiguous,quarantine
graz_pediatric_wrist,D:\anvation\ml\data\bone fracture\images\5496_0212175953_01_WRI-L2_M017.png,5496_0212175953_01_WRI-L2_M017.png,graz_pt_5496,graz_study_5496_1,0,wrist,LAT,ao:unclassified,quarantined_ambiguous,quarantine
graz_pediatric_wrist,D:\anvation\ml\data\bone fracture\images\5514_1014955840_01_WRI-L1_F010.png,5514_1014955840_01_WRI-L1_F010.png,graz_pt_5514,graz_study_5514_1,0,wrist,AP_PA,ao:unclassified,quarantined_ambiguous,quarantine
graz_pediatric_wrist,D:\anvation\ml\data\bone fracture\images\5514_1014955918_01_WRI-L2_F010.png,5514_1014955918_01_WRI-L2_F010.png,graz_pt_5514,graz_study_5514_1,0,wrist,LAT,ao:unclassified,quarantined_ambiguous,quarantine
graz_pediatric_wrist,D:\anvation\ml\data\bone fracture\images\5544_1226322074_01_WRI-L1_F009.png,5544_1226322074_01_WRI-L1_F009.png,graz_pt_5544,graz_study_5544_1,0,wrist,AP_PA,ao:23r-M/2.1,quarantined_ambiguous,quarantine
graz_pediatric_wrist,D:\anvation\ml\data\bone fracture\images\5544_1226322089_01_WRI-L2_F009.png,5544_1226322089_01_WRI-L2_F009.png,graz_pt_5544,graz_study_5544_1,1,wrist,LAT,ao:23r-M/2.1,quarantined_ambiguous,quarantine
graz_pediatric_wrist,D:\anvation\ml\data\bone fracture\images\5545_0300337315_01_WRI-R1_M010.png,5545_0300337315_01_WRI-R1_M010.png,graz_pt_5545,graz_study_5545_1,0,wrist,AP_PA,ao:unclassified,quarantined_ambiguous,quarantine
graz_pediatric_wrist,D:\anvation\ml\data\bone fracture\images\5545_0300337350_01_WRI-R2_M010.png,5545_0300337350_01_WRI-R2_M010.png,graz_pt_5545,graz_study_5545_1,0,wrist,LAT,ao:unclassified,quarantined_ambiguous,quarantine
graz_pediatric_wrist,D:\anvation\ml\data\bone fracture\images\5559_0838301437_01_WRI-L1_M014.png,5559_0838301437_01_WRI-L1_M014.png,graz_pt_5559,graz_study_5559_1,0,wrist,AP_PA,ao:23r-M/2.1,quarantined_ambiguous,quarantine
graz_pediatric_wrist,D:\anvation\ml\data\bone fracture\images\5559_0838301475_01_WRI-L2_M014.png,5559_0838301475_01_WRI-L2_M014.png,graz_pt_5559,graz_study_5559_1,0,wrist,LAT,ao:23r-M/2.1,quarantined_ambiguous,quarantine
graz_pediatric_wrist,D:\anvation\ml\data\bone fracture\images\5597_1050891081_01_WRI-L1_F013.png,5597_1050891081_01_WRI-L1_F013.png,graz_pt_5597,graz_study_5597_1,0,wrist,AP_PA,ao:unclassified,quarantined_ambiguous,quarantine
graz_pediatric_wrist,D:\anvation\ml\data\bone fracture\images\5597_1050891139_01_WRI-L2_F013.png,5597_1050891139_01_WRI-L2_F013.png,graz_pt_5597,graz_study_5597_1,0,wrist,LAT,ao:unclassified,quarantined_ambiguous,quarantine
graz_pediatric_wrist,D:\anvation\ml\data\bone fracture\images\5600_0319570174_01_WRI-R1_F005.png,5600_0319570174_01_WRI-R1_F005.png,graz_pt_5600,graz_study_5600_1,0,wrist,AP_PA,ao:unclassified,quarantined_ambiguous,quarantine
graz_pediatric_wrist,D:\anvation\ml\data\bone fracture\images\5600_0319570214_01_WRI-R2_F005.png,5600_0319570214_01_WRI-R2_F005.png,graz_pt_5600,graz_study_5600_1,0,wrist,LAT,ao:unclassified,quarantined_ambiguous,quarantine
graz_pediatric_wrist,D:\anvation\ml\data\bone fracture\images\5605_0606266919_01_WRI-L1_M016.png,5605_0606266919_01_WRI-L1_M016.png,graz_pt_5605,graz_study_5605_1,0,wrist,AP_PA,ao:unclassified,quarantined_ambiguous,quarantine
graz_pediatric_wrist,D:\anvation\ml\data\bone fracture\images\5605_0606266975_01_WRI-L2_M016.png,5605_0606266975_01_WRI-L2_M016.png,graz_pt_5605,graz_study_5605_1,0,wrist,LAT,ao:unclassified,quarantined_ambiguous,quarantine
graz_pediatric_wrist,D:\anvation\ml\data\bone fracture\images\5616_0985971896_01_WRI-L1_F008.png,5616_0985971896_01_WRI-L1_F008.png,graz_pt_5616,graz_study_5616_1,0,wrist,AP_PA,ao:unclassified,quarantined_ambiguous,quarantine
graz_pediatric_wrist,D:\anvation\ml\data\bone fracture\images\5616_0985971941_01_WRI-L2_F008.png,5616_0985971941_01_WRI-L2_F008.png,graz_pt_5616,graz_study_5616_1,0,wrist,LAT,ao:unclassified,quarantined_ambiguous,quarantine
graz_pediatric_wrist,D:\anvation\ml\data\bone fracture\images\5642_0293744613_01_WRI-R1_M010.png,5642_0293744613_01_WRI-R1_M010.png,graz_pt_5642,graz_study_5642_1,0,wrist,AP_PA,ao:unclassified,quarantined_ambiguous,quarantine
graz_pediatric_wrist,D:\anvation\ml\data\bone fracture\images\5642_0293744658_01_WRI-R2_M010.png,5642_0293744658_01_WRI-R2_M010.png,graz_pt_5642,graz_study_5642_1,0,wrist,LAT,ao:unclassified,quarantined_ambiguous,quarantine
graz_pediatric_wrist,D:\anvation\ml\data\bone fracture\images\5662_0929026269_01_WRI-R1_F008.png,5662_0929026269_01_WRI-R1_F008.png,graz_pt_5662,graz_study_5662_1,0,wrist,AP_PA,ao:unclassified,quarantined_ambiguous,quarantine
graz_pediatric_wrist,D:\anvation\ml\data\bone fracture\images\5662_0929026297_01_WRI-R2_F008.png,5662_0929026297_01_WRI-R2_F008.png,graz_pt_5662,graz_study_5662_1,0,wrist,LAT,ao:unclassified,quarantined_ambiguous,quarantine
graz_pediatric_wrist,D:\anvation\ml\data\bone fracture\images\5672_0320016056_01_WRI-L1_M015.png,5672_0320016056_01_WRI-L1_M015.png,graz_pt_5672,graz_study_5672_1,0,wrist,AP_PA,ao:unclassified,quarantined_ambiguous,quarantine
graz_pediatric_wrist,D:\anvation\ml\data\bone fracture\images\5672_0320016081_01_WRI-L2_M015.png,5672_0320016081_01_WRI-L2_M015.png,graz_pt_5672,graz_study_5672_1,0,wrist,LAT,ao:unclassified,quarantined_ambiguous,quarantine
graz_pediatric_wrist,D:\anvation\ml\data\bone fracture\images\5690_0870523942_01_WRI-R1_M013.png,5690_0870523942_01_WRI-R1_M013.png,graz_pt_5690,graz_study_5690_1,0,wrist,AP_PA,ao:unclassified,quarantined_ambiguous,quarantine
graz_pediatric_wrist,D:\anvation\ml\data\bone fracture\images\5690_0870523975_01_WRI-R2_M013.png,5690_0870523975_01_WRI-R2_M013.png,graz_pt_5690,graz_study_5690_1,0,wrist,LAT,ao:unclassified,quarantined_ambiguous,quarantine
graz_pediatric_wrist,D:\anvation\ml\data\bone fracture\images\5731_0645719765_01_WRI-R1_F013.png,5731_0645719765_01_WRI-R1_F013.png,graz_pt_5731,graz_study_5731_1,0,wrist,AP_PA,ao:23r-M/2.1,quarantined_ambiguous,quarantine
graz_pediatric_wrist,D:\anvation\ml\data\bone fracture\images\5731_0645719830_01_WRI-R2_F013.png,5731_0645719830_01_WRI-R2_F013.png,graz_pt_5731,graz_study_5731_1,1,wrist,LAT,ao:23r-M/2.1,quarantined_ambiguous,quarantine
graz_pediatric_wrist,D:\anvation\ml\data\bone fracture\images\5734_1217420030_01_WRI-L1_F001.png,5734_1217420030_01_WRI-L1_F001.png,graz_pt_5734,graz_study_5734_1,0,wrist,AP_PA,ao:unclassified,quarantined_ambiguous,quarantine
graz_pediatric_wrist,D:\anvation\ml\data\bone fracture\images\5734_1217420062_01_WRI-L2_F001.png,5734_1217420062_01_WRI-L2_F001.png,graz_pt_5734,graz_study_5734_1,0,wrist,LAT,ao:unclassified,quarantined_ambiguous,quarantine
graz_pediatric_wrist,D:\anvation\ml\data\bone fracture\images\5739_0285460855_01_WRI-L1_F013.png,5739_0285460855_01_WRI-L1_F013.png,graz_pt_5739,graz_study_5739_1,0,wrist,AP_PA,ao:23r-M/2.1,quarantined_ambiguous,quarantine
graz_pediatric_wrist,D:\anvation\ml\data\bone fracture\images\5739_0285460892_01_WRI-L2_F013.png,5739_0285460892_01_WRI-L2_F013.png,graz_pt_5739,graz_study_5739_1,1,wrist,LAT,ao:23r-M/2.1,quarantined_ambiguous,quarantine
graz_pediatric_wrist,D:\anvation\ml\data\bone fracture\images\5747_0873478433_01_WRI-L1_M017.png,5747_0873478433_01_WRI-L1_M017.png,graz_pt_5747,graz_study_5747_1,0,wrist,AP_PA,ao:unclassified,quarantined_ambiguous,quarantine
graz_pediatric_wrist,D:\anvation\ml\data\bone fracture\images\5747_0873478464_01_WRI-L2_M017.png,5747_0873478464_01_WRI-L2_M017.png,graz_pt_5747,graz_study_5747_1,0,wrist,LAT,ao:unclassified,quarantined_ambiguous,quarantine
graz_pediatric_wrist,D:\anvation\ml\data\bone fracture\images\5750_0958065322_01_WRI-R1_M014.png,5750_0958065322_01_WRI-R1_M014.png,graz_pt_5750,graz_study_5750_1,0,wrist,AP_PA,ao:unclassified,quarantined_ambiguous,quarantine
graz_pediatric_wrist,D:\anvation\ml\data\bone fracture\images\5750_0958065359_01_WRI-R2_M014.png,5750_0958065359_01_WRI-R2_M014.png,graz_pt_5750,graz_study_5750_1,0,wrist,LAT,ao:unclassified,quarantined_ambiguous,quarantine
graz_pediatric_wrist,D:\anvation\ml\data\bone fracture\images\5751_0565027495_01_WRI-L1_M016.png,5751_0565027495_01_WRI-L1_M016.png,graz_pt_5751,graz_study_5751_1,0,wrist,AP_PA,ao:unclassified,quarantined_ambiguous,quarantine
graz_pediatric_wrist,D:\anvation\ml\data\bone fracture\images\5751_0565027544_01_WRI-L2_M016.png,5751_0565027544_01_WRI-L2_M016.png,graz_pt_5751,graz_study_5751_1,0,wrist,LAT,ao:unclassified,quarantined_ambiguous,quarantine
graz_pediatric_wrist,D:\anvation\ml\data\bone fracture\images\5789_0197900561_01_WRI-R1_M016.png,5789_0197900561_01_WRI-R1_M016.png,graz_pt_5789,graz_study_5789_1,0,wrist,AP_PA,ao:unclassified,quarantined_ambiguous,quarantine
graz_pediatric_wrist,D:\anvation\ml\data\bone fracture\images\5789_0197900601_01_WRI-R2_M016.png,5789_0197900601_01_WRI-R2_M016.png,graz_pt_5789,graz_study_5789_1,0,wrist,LAT,ao:unclassified,quarantined_ambiguous,quarantine
graz_pediatric_wrist,D:\anvation\ml\data\bone fracture\images\5798_1003618060_01_WRI-R1_F012.png,5798_1003618060_01_WRI-R1_F012.png,graz_pt_5798,graz_study_5798_1,0,wrist,AP_PA,ao:unclassified,quarantined_ambiguous,quarantine
graz_pediatric_wrist,D:\anvation\ml\data\bone fracture\images\5798_1003618080_01_WRI-R2_F012.png,5798_1003618080_01_WRI-R2_F012.png,graz_pt_5798,graz_study_5798_1,0,wrist,LAT,ao:unclassified,quarantined_ambiguous,quarantine
graz_pediatric_wrist,D:\anvation\ml\data\bone fracture\images\5809_0556517522_01_WRI-L1_F009.png,5809_0556517522_01_WRI-L1_F009.png,graz_pt_5809,graz_study_5809_1,0,wrist,AP_PA,ao:unclassified,quarantined_ambiguous,quarantine
graz_pediatric_wrist,D:\anvation\ml\data\bone fracture\images\5809_0556517562_01_WRI-L2_F009.png,5809_0556517562_01_WRI-L2_F009.png,graz_pt_5809,graz_study_5809_1,0,wrist,LAT,ao:unclassified,quarantined_ambiguous,quarantine
graz_pediatric_wrist,D:\anvation\ml\data\bone fracture\images\5830_0835009818_01_WRI-R1_M016.png,5830_0835009818_01_WRI-R1_M016.png,graz_pt_5830,graz_study_5830_1,0,wrist,AP_PA,ao:unclassified,quarantined_ambiguous,quarantine
graz_pediatric_wrist,D:\anvation\ml\data\bone fracture\images\5830_0835009852_01_WRI-R2_M016.png,5830_0835009852_01_WRI-R2_M016.png,graz_pt_5830,graz_study_5830_1,0,wrist,LAT,ao:unclassified,quarantined_ambiguous,quarantine
graz_pediatric_wrist,D:\anvation\ml\data\bone fracture\images\5855_0566569528_01_WRI-L1_F002.png,5855_0566569528_01_WRI-L1_F002.png,graz_pt_5855,graz_study_5855_1,0,wrist,AP_PA,ao:unclassified,quarantined_ambiguous,quarantine
graz_pediatric_wrist,D:\anvation\ml\data\bone fracture\images\5855_0566569648_01_WRI-L2_F002.png,5855_0566569648_01_WRI-L2_F002.png,graz_pt_5855,graz_study_5855_1,0,wrist,LAT,ao:unclassified,quarantined_ambiguous,quarantine
graz_pediatric_wrist,D:\anvation\ml\data\bone fracture\images\5864_0815942414_04_WRI-L1_F010.png,5864_0815942414_04_WRI-L1_F010.png,graz_pt_5864,graz_study_5864_4,0,wrist,AP_PA,ao:23r-M/2.1,quarantined_ambiguous,quarantine
graz_pediatric_wrist,D:\anvation\ml\data\bone fracture\images\5864_0815942445_04_WRI-L2_F010.png,5864_0815942445_04_WRI-L2_F010.png,graz_pt_5864,graz_study_5864_4,1,wrist,LAT,ao:23r-M/2.1,quarantined_ambiguous,quarantine
graz_pediatric_wrist,D:\anvation\ml\data\bone fracture\images\5896_0460512297_01_WRI-L1_F015.png,5896_0460512297_01_WRI-L1_F015.png,graz_pt_5896,graz_study_5896_1,0,wrist,AP_PA,ao:23r-M/2.1,quarantined_ambiguous,quarantine
graz_pediatric_wrist,D:\anvation\ml\data\bone fracture\images\5896_0460512333_01_WRI-L2_F015.png,5896_0460512333_01_WRI-L2_F015.png,graz_pt_5896,graz_study_5896_1,1,wrist,LAT,ao:23r-M/2.1,quarantined_ambiguous,quarantine
graz_pediatric_wrist,D:\anvation\ml\data\bone fracture\images\5915_1019609260_02_WRI-R1_M012.png,5915_1019609260_02_WRI-R1_M012.png,graz_pt_5915,graz_study_5915_2,0,wrist,AP_PA,ao:unclassified,quarantined_ambiguous,quarantine
graz_pediatric_wrist,D:\anvation\ml\data\bone fracture\images\5915_1019609291_02_WRI-R2_M012.png,5915_1019609291_02_WRI-R2_M012.png,graz_pt_5915,graz_study_5915_2,0,wrist,LAT,ao:unclassified,quarantined_ambiguous,quarantine
graz_pediatric_wrist,D:\anvation\ml\data\bone fracture\images\5915_1035768024_03_WRI-R1_M013.png,5915_1035768024_03_WRI-R1_M013.png,graz_pt_5915,graz_study_5915_3,0,wrist,AP_PA,ao:unclassified,quarantined_ambiguous,quarantine
graz_pediatric_wrist,D:\anvation\ml\data\bone fracture\images\5915_1035768045_03_WRI-R2_M013.png,5915_1035768045_03_WRI-R2_M013.png,graz_pt_5915,graz_study_5915_3,0,wrist,LAT,ao:unclassified,quarantined_ambiguous,quarantine
graz_pediatric_wrist,D:\anvation\ml\data\bone fracture\images\5917_0618895840_01_WRI-L1_F010.png,5917_0618895840_01_WRI-L1_F010.png,graz_pt_5917,graz_study_5917_1,0,wrist,AP_PA,ao:unclassified,quarantined_ambiguous,quarantine
graz_pediatric_wrist,D:\anvation\ml\data\bone fracture\images\5917_0618895879_01_WRI-L2_F010.png,5917_0618895879_01_WRI-L2_F010.png,graz_pt_5917,graz_study_5917_1,0,wrist,LAT,ao:unclassified,quarantined_ambiguous,quarantine
graz_pediatric_wrist,D:\anvation\ml\data\bone fracture\images\5936_0757425831_01_WRI-L1_M012.png,5936_0757425831_01_WRI-L1_M012.png,graz_pt_5936,graz_study_5936_1,0,wrist,AP_PA,ao:23r-E/1,quarantined_ambiguous,quarantine
graz_pediatric_wrist,D:\anvation\ml\data\bone fracture\images\5936_0757425873_01_WRI-L2_M012.png,5936_0757425873_01_WRI-L2_M012.png,graz_pt_5936,graz_study_5936_1,1,wrist,LAT,ao:23r-E/1,quarantined_ambiguous,quarantine
graz_pediatric_wrist,D:\anvation\ml\data\bone fracture\images\5942_0582944868_01_WRI-R1_M011.png,5942_0582944868_01_WRI-R1_M011.png,graz_pt_5942,graz_study_5942_1,0,wrist,AP_PA,ao:unclassified,quarantined_ambiguous,quarantine
graz_pediatric_wrist,D:\anvation\ml\data\bone fracture\images\5942_0582944894_01_WRI-R2_M011.png,5942_0582944894_01_WRI-R2_M011.png,graz_pt_5942,graz_study_5942_1,0,wrist,LAT,ao:unclassified,quarantined_ambiguous,quarantine
graz_pediatric_wrist,D:\anvation\ml\data\bone fracture\images\5963_0436465106_01_WRI-R1_F013.png,5963_0436465106_01_WRI-R1_F013.png,graz_pt_5963,graz_study_5963_1,0,wrist,AP_PA,ao:unclassified,quarantined_ambiguous,quarantine
graz_pediatric_wrist,D:\anvation\ml\data\bone fracture\images\5963_0436465141_01_WRI-R2_F013.png,5963_0436465141_01_WRI-R2_F013.png,graz_pt_5963,graz_study_5963_1,0,wrist,LAT,ao:unclassified,quarantined_ambiguous,quarantine
graz_pediatric_wrist,D:\anvation\ml\data\bone fracture\images\6076_1059735871_01_WRI-L1_M012.png,6076_1059735871_01_WRI-L1_M012.png,graz_pt_6076,graz_study_6076_1,1,wrist,AP_PA,ao:23r-M/2.1,quarantined_ambiguous,quarantine
graz_pediatric_wrist,D:\anvation\ml\data\bone fracture\images\6076_1059735897_01_WRI-L2_M012.png,6076_1059735897_01_WRI-L2_M012.png,graz_pt_6076,graz_study_6076_1,1,wrist,LAT,ao:23r-M/2.1,quarantined_ambiguous,quarantine
